Sequence,Stability,Backbone Hbond,Electrostatic kon,Electrostatics,Entropy Mainchain,Entropy Sidechain,Sidechain Hbond,Solvation Hydrophobic,Solvation Polar,VdW,VdW Clashes,Binary_Classification
AAAQAA,18.1,-42.0,-1.8,-4.0,75.5,8.4,-3.0,-38.8,53.3,-31.9,2.2,0
AAELRN,-0.4,-51.0,1.9,1.1,81.0,23.2,-8.8,-75.8,83.0,-56.0,0.0,0
AAIDWF,-2.5,-51.4,6.0,8.4,81.7,27.0,0.0,-103.9,95.3,-73.7,0.7,0
AAIGWG,0.9,-36.4,-1.1,-1.5,71.3,15.9,0.0,-58.3,46.8,-40.0,2.4,0
AAIIGQ,-4.5,-52.6,2.4,4.8,83.9,30.9,-13.8,-81.6,79.1,-58.2,0.0,1
AALQSS,2.5,-59.4,2.0,3.7,77.4,21.2,-11.7,-57.4,69.0,-44.9,0.4,0
AAPKPK,44.0,-30.6,3.4,5.4,103.4,16.1,-1.5,-75.5,61.5,-50.5,11.9,0
AAQAAL,10.9,-48.3,2.9,5.8,86.0,15.6,-2.0,-69.8,68.9,-48.5,0.1,0
AARRFF,0.4,-50.8,-0.8,2.2,77.0,34.3,-10.5,-79.1,87.6,-64.2,2.2,0
AATVYV,-4.9,-51.7,1.8,4.4,73.7,19.2,-2.6,-81.6,79.9,-57.7,8.2,1
AAVDQT,18.6,-38.8,-1.5,-1.0,67.1,11.3,-4.8,-32.2,44.6,-26.6,0.1,0
ACGVIG,-0.6,-49.3,1.1,3.4,73.7,14.8,0.0,-66.0,68.7,-48.3,0.6,0
ADVGQG,13.7,-49.6,3.0,2.3,75.6,20.7,-7.9,-59.1,71.0,-46.6,3.8,0
ADVSIE,2.0,-50.8,7.6,9.9,67.7,18.0,-0.2,-71.7,68.5,-49.7,0.7,0
AEKLFD,-11.6,-45.1,-2.3,-13.1,73.4,34.4,-2.2,-86.2,79.9,-60.8,7.2,0
AEMEYL,-10.5,-43.2,1.6,-2.9,77.1,36.0,-11.1,-83.7,73.7,-59.5,0.6,0
AENGKS,20.0,-47.5,-2.5,-6.9,80.7,22.1,-15.6,-30.5,46.6,-27.0,0.2,0
AESDKK,18.1,-41.8,-2.9,-9.0,72.3,29.9,-23.1,-38.9,65.3,-34.2,0.2,0
AETKEP,13.1,-38.9,-0.5,-3.6,63.3,23.2,-11.7,-42.9,58.0,-34.6,0.1,0
AEVLAL,-11.6,-49.3,2.9,3.2,71.6,17.6,0.0,-79.1,71.4,-52.6,2.2,0
AEVVFT,-7.9,-50.1,3.1,4.9,67.0,17.6,0.0,-82.6,73.6,-57.6,12.7,1
AFSINP,-5.1,-42.2,3.4,7.3,63.1,30.7,-13.8,-88.8,77.4,-63.4,21.0,0
AGFQPQ,10.5,-43.0,-2.1,-4.2,88.9,27.6,-8.2,-59.5,56.8,-46.1,0.1,0
AGGYYQ,5.7,-50.4,2.5,4.8,83.7,23.0,-15.3,-59.0,61.5,-46.3,0.8,0
AGSGSG,25.5,-48.3,-2.0,-4.2,72.9,6.3,-5.5,-12.1,31.9,-14.8,1.1,0
AGVNYF,-5.8,-49.8,3.8,2.9,79.4,25.3,-8.9,-80.9,72.1,-59.3,6.3,1
AGYQQQ,10.5,-44.2,-2.0,-4.3,78.6,28.6,-15.4,-54.5,68.5,-45.7,0.7,0
AIDWFD,-4.9,-44.6,0.3,-4.7,69.7,28.7,-7.7,-87.6,100.2,-66.7,4.2,0
AIGWGS,15.2,-52.5,2.9,6.6,85.2,21.8,-8.6,-70.7,66.6,-51.7,11.9,0
AIIGLM,26.3,-34.9,5.4,11.6,86.7,28.8,0.0,-100.3,85.3,-66.0,6.1,1
AILSST,-0.2,-48.9,3.1,4.8,66.8,22.8,-7.2,-67.6,74.3,-50.4,0.4,1
AINKIQ,-16.1,-44.2,-2.1,-4.7,65.9,35.1,-9.1,-80.2,78.4,-57.3,0.6,0
AISNNN,6.3,-49.1,3.5,5.2,68.7,31.6,-31.0,-58.3,82.0,-50.0,0.7,0
AIVAGD,10.5,-37.7,-1.3,-1.7,68.4,10.7,0.0,-53.7,49.1,-37.7,11.7,1
AIVAGS,6.5,-41.7,-1.1,-1.3,67.7,14.1,-4.1,-52.3,48.8,-37.3,11.1,1
AIVAGT,6.9,-41.2,-1.1,-1.3,67.9,13.9,-3.6,-52.8,48.2,-37.3,11.2,1
ALALQT,-13.3,-48.8,2.3,5.9,76.1,27.8,-3.4,-89.4,72.4,-59.1,2.4,0
ALEEYT,6.8,-54.7,6.3,7.3,78.7,33.7,-17.3,-71.6,76.7,-53.7,0.3,1
ALQSSW,-1.6,-62.1,2.0,3.8,75.6,37.0,-27.0,-66.0,91.9,-58.7,0.2,0
ALQTDA,5.0,-43.6,-2.4,-0.9,66.8,25.5,-11.5,-59.2,76.5,-47.6,0.3,0
AMMAAA,-13.6,-39.3,-0.9,-1.1,75.8,20.3,0.0,-70.9,50.0,-49.2,1.5,0
AMNITN,-23.1,-65.6,3.2,5.6,73.4,38.6,-22.9,-87.6,88.9,-64.6,3.7,0
ANATKK,14.0,-48.5,3.3,2.6,72.2,20.1,-8.1,-58.5,75.6,-44.9,0.0,0
ANFLVH,-13.2,-52.7,2.7,4.6,74.1,31.7,-15.8,-88.8,93.7,-65.1,0.2,1
ANNNSN,18.2,-53.6,2.6,4.6,78.6,32.5,-53.6,-46.5,101.4,-52.7,2.4,0
ANNYSS,11.5,-52.1,2.6,6.1,74.6,28.5,-35.3,-46.8,79.8,-47.2,0.6,0
APKPKK,55.5,-38.0,3.2,4.4,103.1,32.4,-7.4,-72.0,81.4,-52.2,0.4,0
AQAALQ,-2.0,-50.0,2.6,4.6,80.3,21.3,-6.9,-70.4,65.2,-49.2,0.3,0
AQAQPA,28.9,-40.2,2.9,4.4,89.0,15.7,-5.2,-58.4,60.3,-43.1,3.3,0
AQFIIS,-27.0,-52.7,2.5,5.1,69.2,31.7,-6.3,-98.3,75.6,-66.8,10.8,1
AQIVYK,-20.3,-45.0,-2.0,-4.5,66.8,36.9,-5.8,-94.0,82.6,-67.8,5.8,0
AQPAGG,38.3,-39.6,-1.8,-4.0,94.4,13.2,-3.8,-39.3,47.5,-32.0,3.7,0
ASNAGS,31.6,-42.8,-1.9,-4.0,76.1,11.4,-8.9,-20.5,42.2,-21.4,1.3,0
ASQQNQ,12.4,-65.8,3.0,5.9,78.4,43.6,-39.9,-58.0,100.9,-55.9,0.1,0
ASRQNQ,14.8,-46.1,-1.1,-2.8,70.9,43.9,-40.3,-45.9,81.2,-46.7,0.4,0
ASSSNY,14.9,-54.8,-1.9,-5.1,74.6,26.5,-27.3,-30.9,67.3,-34.9,1.2,1
ATAHQY,6.7,-49.8,3.2,-5.3,75.5,29.1,-19.2,-68.3,92.6,-56.5,2.2,0
ATKKVD,0.4,-43.4,-2.8,-8.1,64.9,26.3,-4.9,-60.4,73.2,-46.5,0.1,0
ATLDQW,1.3,-35.8,-1.0,-0.5,62.9,26.6,-17.8,-57.4,67.8,-44.5,0.3,0
ATTRTV,5.7,-44.1,-1.1,-3.9,61.1,28.3,-22.6,-47.6,74.5,-42.5,0.2,0
ATVIIE,-21.8,-53.3,6.6,10.7,63.4,25.0,-0.2,-90.7,73.6,-59.7,0.4,1
ATVQAF,-10.1,-49.2,2.0,1.0,66.1,25.2,-8.4,-68.6,69.4,-50.0,2.3,1
ATVSFD,1.4,-40.2,-1.9,-3.6,66.6,20.7,-11.3,-50.8,57.5,-40.0,2.6,0
AVDQTA,13.4,-43.3,-0.4,-2.8,65.2,21.3,-15.6,-41.4,65.8,-36.4,0.1,0
AVFIIY,-43.6,-45.1,-2.1,-9.7,65.5,34.8,0.0,-104.9,78.3,-69.4,2.9,1
AVTTGV,13.3,-47.0,2.5,6.4,64.0,14.3,-1.2,-64.5,77.6,-48.1,4.0,0
AYNAQA,0.5,-43.8,-2.1,-4.1,76.0,21.6,-13.0,-56.3,66.4,-46.8,1.5,0
CATVYV,-3.5,-51.8,1.8,4.4,74.0,21.5,-2.5,-84.3,84.3,-60.8,8.4,1
CGVIGI,0.5,-51.2,3.4,7.7,83.0,25.1,-0.3,-84.9,67.9,-55.8,1.0,1
CILFWG,-42.2,-51.1,3.8,5.4,71.9,38.2,0.0,-108.3,67.9,-73.0,2.1,1
CPSGNN,52.5,-33.9,-0.9,-1.4,87.0,20.1,-13.6,-27.9,45.3,-26.2,3.8,0
CQIVYK,-23.9,-52.3,3.3,5.0,68.6,38.8,-5.0,-94.0,75.5,-65.7,1.1,1
CTIYWG,-18.1,-50.5,3.8,5.4,69.3,33.8,-3.1,-84.6,67.1,-61.1,0.5,1
CTLWWG,-21.7,-50.7,3.3,6.8,72.5,33.3,-4.2,-104.4,86.3,-74.7,7.0,1
CTVFIG,-39.9,-52.8,2.5,6.1,65.0,27.5,-1.0,-92.7,64.8,-61.9,0.6,1
CTVWWG,-13.8,-52.5,3.2,4.8,70.5,24.3,-0.9,-78.6,70.8,-59.7,2.6,1
DADLYL,-9.1,-49.7,6.1,10.4,75.6,27.6,-5.4,-92.1,76.1,-60.6,1.9,0
DAGYQQ,19.5,-47.6,3.2,4.6,79.9,23.3,-15.8,-48.9,58.7,-39.4,1.3,0
DATVYV,-0.5,-50.8,3.4,7.2,74.2,22.9,-8.3,-74.3,77.5,-53.7,0.2,0
DCVNIT,3.0,-51.0,3.1,5.5,68.7,25.0,-11.4,-64.4,77.6,-50.7,0.1,1
DDSLFF,0.0,-49.6,7.8,3.9,73.5,28.9,-1.7,-93.8,88.4,-66.4,7.2,0
DECFFF,-4.8,-49.9,6.6,3.8,76.2,33.7,-5.1,-95.5,87.1,-69.5,6.0,0
DENNTF,12.4,-57.8,6.7,5.7,78.5,32.8,-30.2,-66.8,97.8,-59.5,0.8,0
DETVIV,5.8,-51.2,8.3,13.1,64.8,22.8,-3.2,-77.9,82.8,-55.0,0.0,0
DFNKFH,-9.8,-52.0,4.6,7.0,74.0,37.2,-15.1,-87.2,86.2,-67.2,1.4,1
DFQKQQ,-6.1,-41.8,0.2,-2.1,63.5,48.5,-32.8,-68.9,81.5,-55.8,0.6,0
DFQKQQ,-6.1,-41.8,0.2,-2.1,63.5,48.5,-32.8,-68.9,81.5,-55.8,0.6,0
DHCIIG,-8.3,-52.8,5.4,7.5,70.5,28.2,0.0,-80.3,69.1,-57.0,0.2,1
DHCIIW,-9.7,-53.2,5.3,8.2,71.2,35.6,-2.8,-96.3,87.7,-68.0,0.9,1
DIDLHL,-13.7,-50.9,4.1,7.7,69.4,35.9,-4.8,-111.1,92.5,-71.8,11.1,1
DIEVDL,3.0,-52.2,12.8,23.6,70.2,28.4,-2.9,-97.7,82.8,-64.1,1.4,0
DILTYT,-14.2,-52.9,3.2,4.5,67.6,31.2,-8.0,-79.7,75.5,-57.0,0.6,0
DKKEEE,39.6,-38.3,1.5,-7.3,67.0,37.6,-11.2,-57.9,94.4,-47.9,1.0,0
DLLKNG,-21.1,-47.5,-0.8,-3.3,68.7,35.1,-9.9,-81.0,72.7,-56.6,0.4,0
DLTITQ,-17.1,-48.2,3.2,4.4,63.3,32.5,-8.1,-80.8,70.5,-54.9,0.3,0
DLTQRG,-11.7,-56.0,2.9,2.4,70.3,39.0,-18.2,-79.8,89.7,-63.3,0.1,0
DNNTIF,-5.3,-52.0,6.1,1.6,70.4,34.1,-29.6,-77.2,101.5,-61.5,0.4,0
DQIVYK,-19.4,-51.7,3.6,3.1,68.7,37.9,-17.0,-90.5,89.6,-64.7,1.1,1
DQTASN,21.2,-42.8,0.9,0.7,66.6,23.0,-24.8,-26.4,49.7,-26.3,0.1,0
DQWNGK,11.7,-54.0,3.0,4.7,83.6,38.0,-32.1,-68.8,94.6,-60.2,2.8,0
DSNQGN,31.6,-55.9,3.1,5.8,80.6,35.2,-40.8,-44.6,94.9,-48.5,0.3,0
DSVISL,-11.6,-58.2,3.3,5.2,68.7,29.3,-11.6,-78.3,81.4,-56.7,0.8,1
DTKPAE,38.0,-27.7,0.6,-4.9,78.0,22.5,-14.8,-49.1,67.5,-38.9,4.2,0
DTVIIE,-11.5,-46.0,3.6,4.2,59.0,27.5,-3.7,-79.7,75.1,-53.7,0.2,1
DVGQGS,30.3,-50.4,3.2,4.4,79.3,23.5,-17.3,-35.2,53.0,-30.7,0.1,0
DVNRNG,0.3,-44.1,-1.3,-5.4,66.9,35.4,-37.6,-48.9,80.0,-46.5,0.4,0
DVSIED,21.5,-51.6,13.2,19.9,65.5,23.1,-5.3,-70.6,77.0,-51.9,1.5,0
EALYLV,-15.5,-52.0,4.0,5.0,76.3,32.4,0.0,-99.2,95.7,-66.3,4.8,0
EATVSF,-22.2,-58.4,3.0,1.9,72.2,19.9,-8.4,-76.2,75.8,-56.6,1.8,0
EATVYV,-2.7,-52.5,2.6,4.9,74.7,21.8,-2.4,-86.7,86.1,-61.3,8.3,0
ECFFFE,-18.7,-44.8,4.0,-2.4,73.7,35.9,-3.8,-99.7,88.8,-73.8,1.5,0
EDSVIS,15.8,-51.9,7.1,8.0,66.3,23.1,-6.9,-62.6,80.3,-50.2,0.7,0
EECLFL,-17.8,-50.8,6.5,7.0,78.8,40.9,-0.8,-110.6,90.0,-74.7,2.3,0
EEEKSA,32.5,-49.1,4.7,-2.4,71.0,31.4,-22.2,-40.0,74.3,-36.2,0.4,0
EEKKEE,38.2,-45.1,4.5,-5.6,73.6,42.7,-8.7,-69.1,99.7,-55.3,0.3,0
EEKPVQ,31.4,-46.2,2.8,-3.5,86.2,37.8,-10.4,-83.5,94.9,-60.3,12.9,0
EEKSAE,32.3,-35.8,2.5,-3.0,66.5,29.0,-20.3,-36.2,61.0,-32.2,0.3,0
EEKSEL,33.0,-49.4,8.0,3.1,78.5,33.6,-10.2,-69.9,91.7,-53.9,0.1,0
EEPVKK,23.5,-40.2,2.2,3.2,84.4,30.1,-1.5,-80.1,79.7,-55.7,0.9,0
EGVLYV,-8.1,-49.9,3.5,5.2,78.0,26.2,-1.4,-90.2,74.8,-59.8,2.5,1
EHSDLS,20.5,-44.9,0.2,-7.4,69.2,30.0,-26.0,-43.9,80.5,-40.6,0.2,0
EKDEYA,27.7,-44.4,6.6,-1.4,72.7,35.2,-19.1,-67.9,96.0,-55.1,2.7,0
EKKEEK,25.9,-45.6,-1.8,-16.1,74.1,48.4,-10.6,-72.8,106.2,-57.8,0.7,0
EKNLYL,-29.1,-49.8,1.4,5.6,74.5,44.4,-16.4,-111.2,94.5,-75.6,2.4,0
EKPVQT,20.4,-41.7,0.2,-1.4,84.2,37.8,-18.9,-85.6,92.7,-60.4,12.2,0
EKSAET,28.0,-39.5,1.1,2.7,69.8,20.4,-16.9,-32.5,50.6,-28.5,0.2,0
EKSELP,7.8,-37.9,1.1,-3.0,71.5,37.7,-17.5,-70.1,77.7,-52.9,0.8,0
ELNIYQ,-27.8,-50.6,3.1,4.1,75.6,46.1,-19.8,-99.0,80.0,-68.4,0.8,0
ELPKVE,12.9,-41.0,7.6,6.5,81.5,35.4,-7.1,-89.8,78.4,-60.1,0.6,0
EMTVKQ,-18.6,-54.9,2.7,3.4,70.3,40.4,-16.9,-90.6,86.5,-65.7,2.9,0
EPTKVE,28.4,-33.8,1.8,-2.5,67.5,25.0,-7.6,-59.0,73.1,-45.6,7.2,0
EPTREP,21.3,-31.8,-3.5,-11.4,70.9,39.7,-24.2,-63.3,81.8,-52.0,8.9,0
EPVKKE,23.5,-33.2,1.3,-4.8,70.9,28.8,-1.5,-70.0,76.0,-51.0,6.4,0
EQIVYK,-20.9,-51.8,3.1,2.3,68.7,43.4,-13.0,-98.9,93.0,-69.7,0.9,1
ERGFFY,-0.8,-50.0,7.3,3.5,79.1,32.3,-3.8,-90.2,83.0,-67.4,4.4,0
ERIEKV,1.8,-49.4,-1.9,-19.3,71.7,41.3,-9.1,-77.2,103.8,-60.7,0.8,0
ESDKKE,28.8,-42.3,0.9,-8.9,70.4,34.0,-19.3,-48.6,84.9,-43.3,0.2,0
ESNTNN,19.1,-51.8,3.3,6.7,72.2,30.4,-40.8,-46.2,89.4,-46.8,0.3,0
ETKEPT,34.5,-36.4,1.3,-3.2,84.6,27.6,-7.6,-64.3,73.4,-48.5,6.4,0
ETVIIE,-12.7,-46.6,2.6,2.9,59.3,28.1,-3.6,-79.9,76.5,-54.1,0.2,1
ETVIVI,-25.1,-54.3,3.2,8.1,64.2,32.3,-1.5,-102.5,88.7,-67.4,1.2,0
ETWFFG,-22.2,-50.7,3.5,5.8,69.9,31.1,-7.8,-97.6,78.4,-71.4,14.5,0
EVDLLK,-11.1,-54.1,4.8,6.2,70.8,38.5,-2.5,-96.2,101.0,-64.2,1.3,0
EVTTGV,14.4,-47.7,2.8,5.0,72.5,23.4,-14.0,-64.8,83.1,-49.8,0.6,0
EYLKIA,-25.6,-51.8,4.3,7.2,70.3,37.8,-3.5,-100.2,74.7,-66.2,1.0,0
EYSNFS,2.4,-51.1,4.1,4.5,74.6,33.9,-19.4,-74.0,108.1,-63.9,2.5,1
FAIRHF,-13.1,-44.4,-1.7,-4.2,75.9,35.3,-4.2,-95.0,81.2,-67.9,7.0,1
FATVYV,-3.0,-52.8,1.8,8.2,75.4,26.0,-4.7,-101.4,95.1,-72.1,17.3,1
FERQHM,-11.6,-44.9,-3.7,-5.6,73.6,58.6,-26.2,-93.9,95.1,-73.3,4.8,0
FESNFN,9.0,-46.7,-0.4,-4.6,77.8,33.1,-12.5,-68.0,85.5,-58.7,2.1,1
FFNLNN,-23.3,-54.4,3.5,9.0,75.2,39.9,-19.9,-98.1,92.7,-73.9,1.0,0
FFWRFM,-23.9,-45.4,-1.9,-2.2,77.3,49.5,-6.3,-124.6,99.1,-90.3,18.9,0
FFYTPK,-0.4,-44.9,2.8,8.2,84.4,40.0,-8.4,-104.1,81.0,-72.7,11.2,0
FGAFSI,9.3,-47.6,3.5,8.9,81.7,18.7,0.0,-72.3,66.2,-52.6,2.0,0
FGELFE,-5.4,-50.1,6.4,-5.3,86.9,39.8,0.0,-92.9,164.0,-67.9,11.5,0
FGGGNG,29.0,-46.0,-2.0,-1.8,79.0,8.8,-2.3,-24.6,40.4,-22.7,0.1,0
FGNNAT,22.0,-44.7,-2.1,-2.1,83.9,22.0,-17.8,-45.2,66.3,-40.9,0.8,0
FGNQSG,17.2,-43.5,-2.1,-2.1,74.7,27.0,-17.1,-41.7,59.9,-38.4,0.1,0
FGNSAT,25.3,-40.7,-1.1,1.4,73.4,17.3,-9.1,-42.2,55.1,-36.8,7.7,0
FGNSRG,18.1,-44.1,-0.4,-1.9,72.9,23.8,-20.7,-39.6,67.1,-40.3,0.3,0
FGTFSI,4.8,-48.2,3.5,8.8,76.8,23.2,0.0,-78.1,73.7,-57.7,1.1,0
FHPSDI,31.4,-45.1,5.4,15.6,84.9,29.7,-9.0,-90.2,96.8,-69.1,8.6,0
FINYTN,-13.6,-66.3,3.2,9.1,69.6,42.2,-33.5,-99.0,112.4,-78.4,17.7,0
FIVNIV,-23.3,-38.9,-1.1,1.1,62.6,29.9,-4.8,-88.0,74.1,-61.7,1.5,1
FKQIGI,-11.7,-48.4,1.6,6.1,76.9,44.9,-7.8,-106.9,81.0,-69.2,0.9,0
FLKYFT,-25.1,-54.3,3.5,14.7,75.6,42.5,-3.7,-123.2,95.0,-85.1,7.5,0
FLVHSS,-20.0,-42.3,-1.1,1.1,64.3,31.3,-12.3,-77.6,68.4,-57.1,2.3,1
FMFFII,-46.7,-53.7,3.2,9.3,75.6,46.9,0.0,-142.4,87.1,-92.6,15.9,0
FMFNDL,-12.0,-45.5,-2.5,-1.2,76.6,39.5,-6.0,-105.9,100.3,-78.8,7.1,0
FMSNDL,6.5,-41.6,-1.9,0.3,77.2,31.6,-14.6,-66.9,76.4,-55.3,0.4,0
FNKFGG,1.0,-48.8,4.0,9.2,78.3,26.6,-4.7,-74.1,64.0,-55.8,1.2,0
FNPQGG,36.7,-44.9,3.3,10.6,95.8,24.0,-14.6,-56.3,55.8,-44.3,6.7,0
FNYNNN,-5.5,-50.7,3.5,9.0,72.4,39.6,-43.2,-75.6,102.1,-67.8,3.1,0
FQIVYK,-27.3,-50.2,4.3,9.4,71.1,47.4,-15.2,-110.1,85.2,-76.5,4.0,1
FQKQQK,-4.1,-56.8,4.6,11.1,76.9,66.4,-40.9,-98.5,107.8,-77.9,3.0,0
FQPQSQ,31.1,-39.6,-2.1,-2.3,88.1,44.2,-23.3,-73.0,76.8,-58.8,19.4,0
FSINPA,16.1,-30.1,-0.7,1.4,66.2,25.7,-6.6,-63.8,71.4,-49.8,0.9,1
FSKDWS,7.3,-38.1,-2.3,-3.8,70.1,38.7,-25.1,-72.3,92.3,-59.5,6.5,0
FSNATN,17.3,-46.3,-2.0,-2.3,74.6,21.2,-9.8,-47.3,68.2,-41.8,2.2,0
FTFIQF,-42.5,-45.8,-2.0,-6.4,69.5,39.7,-7.9,-104.6,81.3,-72.9,4.5,1
FTPTEK,23.1,-25.9,-2.4,-3.0,73.9,27.4,-10.4,-69.3,71.9,-52.2,11.9,0
FTVIIE,-32.0,-38.0,-1.1,0.4,57.5,28.3,-0.3,-92.9,69.7,-62.5,3.8,1
FVFYIF,-48.2,-51.0,3.5,4.2,68.1,41.2,-3.8,-131.5,93.0,-89.6,12.6,1
FVNQHL,-8.1,-54.4,1.6,9.8,69.9,46.1,-19.5,-101.4,105.4,-75.4,7.1,0
FYLLYY,-55.0,-50.5,3.5,4.1,75.6,48.2,-3.9,-136.8,91.9,-91.2,2.5,1
FYTPKT,4.8,-32.9,-0.4,2.1,76.7,33.0,-13.0,-83.7,64.2,-60.0,12.9,0
GAAIGW,5.9,-46.4,3.5,6.5,83.4,15.7,0.0,-66.3,53.2,-45.8,1.1,0
GAAVDQ,17.6,-43.1,-2.3,-1.9,72.7,6.8,-0.6,-35.3,50.6,-29.5,0.0,0
GADVGQ,22.6,-49.8,3.8,5.9,81.7,20.2,-12.8,-52.6,67.9,-42.2,0.1,0
GAFSIN,-2.8,-52.5,3.4,8.0,71.2,25.4,-9.9,-70.7,70.7,-52.1,1.9,0
GAIIGL,-7.1,-32.1,-1.4,-2.3,60.9,17.0,0.0,-62.1,52.3,-41.4,0.9,1
GAILSS,-10.8,-52.2,-1.6,-4.5,68.7,22.9,-7.4,-64.0,68.6,-47.9,5.6,1
GAITIG,-20.9,-48.9,3.2,4.7,63.9,20.5,-0.9,-73.2,55.6,-48.2,1.0,1
GATVYV,-7.9,-51.7,1.8,4.4,73.1,19.2,-2.6,-80.6,74.8,-56.2,8.3,1
GDCFIL,-19.2,-52.7,3.4,3.7,72.7,31.0,0.0,-93.6,82.6,-66.1,0.5,1
GDHCII,1.1,-53.6,1.9,0.3,74.0,27.9,-4.5,-84.7,97.7,-63.4,2.8,1
GDVIEV,29.0,-49.3,11.7,25.3,70.1,24.1,-8.1,-75.4,82.1,-53.3,1.1,1
GEATVS,9.2,-49.8,3.6,3.1,69.7,10.4,-1.8,-47.2,57.3,-36.8,0.1,0
GELAVA,-6.8,-49.3,2.8,2.1,73.0,15.9,0.0,-71.7,65.4,-48.8,3.6,1
GERGFF,2.8,-49.0,-2.1,-11.7,78.8,33.0,-3.6,-70.7,77.5,-55.8,4.4,0
GEWTYD,7.5,-38.9,0.9,-3.7,70.8,23.9,-6.6,-68.6,71.2,-53.5,10.2,1
GFFNLQ,-29.5,-45.4,-2.1,-3.5,72.8,35.0,-10.8,-90.0,75.6,-66.7,3.1,0
GFFQQQ,-22.4,-50.1,-1.9,-3.1,71.8,45.9,-15.2,-86.8,80.2,-66.6,1.5,1
GFFYTP,-23.6,-37.1,-1.1,0.2,61.1,25.3,-1.8,-79.8,59.5,-57.9,6.3,0
GFGNNA,13.3,-53.6,1.6,5.3,75.3,18.1,-13.4,-48.3,69.6,-43.6,0.3,0
GFGNQS,13.9,-41.2,-1.1,-0.9,71.8,18.9,-9.5,-37.5,43.0,-31.4,1.1,0
GFGNSA,13.9,-56.8,3.2,5.4,83.8,19.5,-18.8,-48.7,66.7,-42.4,0.6,0
GFGNSR,17.2,-52.0,1.2,0.8,78.2,31.6,-25.9,-48.5,73.2,-44.9,0.3,0
GFNKFG,-22.7,-45.0,-2.0,-3.8,68.9,29.4,-9.6,-75.1,68.6,-56.4,1.6,0
GFNNSA,2.1,-57.0,3.2,5.2,76.3,25.6,-27.7,-54.8,78.4,-49.2,0.7,0
GFNNTP,-5.4,-42.7,-2.1,-4.1,65.6,24.3,-12.1,-60.4,73.9,-51.1,1.9,0
GFPGSF,20.9,-31.4,-1.9,-6.0,94.5,17.9,0.0,-65.2,56.3,-48.2,4.6,0
GFQPQS,15.3,-34.8,-1.1,-0.8,77.2,33.2,-17.5,-58.9,49.6,-44.3,12.1,0
GFSGSF,5.7,-56.8,3.2,-0.6,78.5,22.4,-10.5,-58.0,64.3,-45.0,5.7,0
GFSNNN,7.5,-52.3,3.3,6.9,77.2,31.9,-37.2,-58.0,88.3,-55.4,2.8,0
GGFGNQ,18.3,-45.7,-2.1,-4.1,78.8,14.0,-5.8,-33.2,43.7,-28.7,1.0,0
GGFNKF,-6.3,-48.4,2.8,-0.3,77.4,27.4,-10.1,-77.5,66.8,-56.7,9.9,0
GGGGNH,30.1,-46.1,-2.0,-4.2,78.1,7.6,-4.8,-18.1,37.4,-18.9,0.2,0
GGGGNN,27.9,-47.7,-2.0,-4.2,77.3,8.3,-6.6,-15.0,32.8,-16.0,0.1,0
GGGMNF,6.0,-39.6,3.3,2.7,76.9,26.9,-10.0,-69.6,67.0,-52.0,0.3,0
GGGNGA,31.6,-44.7,-1.8,-4.1,81.9,2.1,-0.6,-14.2,26.2,-13.9,0.8,0
GGGNHG,27.6,-45.8,-2.1,-4.3,76.8,7.0,-3.6,-21.0,38.4,-21.2,1.9,0
GGGNNS,31.0,-48.4,-2.0,-4.2,79.9,11.7,-9.3,-20.3,43.2,-22.0,2.2,1
GGGNSA,28.2,-41.9,-1.9,-4.0,71.4,7.0,-5.8,-14.3,31.5,-15.4,1.6,0
GGMNFG,-10.5,-48.8,3.2,2.8,78.1,26.8,-10.1,-72.3,59.7,-52.6,2.4,0
GGNGAA,29.3,-44.7,-2.0,-4.2,79.8,2.8,-0.9,-17.1,30.5,-16.2,1.2,0
GGNGAD,30.2,-46.1,-2.7,-6.0,76.9,5.2,-2.8,-16.6,36.0,-16.3,2.4,0
GGNHGG,21.9,-48.3,-2.4,-5.3,73.5,12.1,-10.6,-28.2,57.0,-29.0,0.9,0
GGNNSG,19.7,-50.4,-1.6,-4.0,75.1,13.8,-16.5,-24.1,51.4,-26.4,1.7,0
GGNSAL,21.6,-48.0,-1.8,-4.3,77.1,14.6,-9.9,-32.8,51.6,-29.6,4.6,0
GGQQQS,16.0,-53.7,-1.6,-4.1,74.0,30.1,-16.9,-42.3,69.6,-40.0,0.5,0
GGRGNY,19.4,-48.7,2.4,-1.6,83.4,25.2,-16.8,-50.4,67.8,-44.0,1.1,0
GGVLVN,27.8,-52.4,2.0,12.0,67.5,21.0,-10.4,-72.0,126.1,-54.9,10.1,1
GGVVIA,-21.9,-46.4,2.1,3.6,62.6,14.9,0.0,-70.0,57.2,-46.6,0.1,1
GGYLLG,31.5,-29.9,-1.7,-5.1,72.0,21.1,-1.3,-68.2,91.1,-47.7,1.0,1
GGYMLG,5.0,-28.7,-2.0,-4.9,75.5,21.4,-3.6,-72.2,69.7,-52.3,2.0,1
GGYQQQ,3.9,-39.3,-1.1,-1.0,69.0,22.7,-16.0,-46.1,52.6,-38.3,1.0,0
GGYQQY,-5.2,-49.0,-1.9,-4.9,78.0,38.7,-26.3,-65.1,75.3,-54.6,3.2,0
GGYVLG,-0.6,-31.6,-1.7,-3.8,66.2,18.0,0.0,-68.0,68.0,-48.8,0.8,1
GGYYQN,-5.1,-44.5,-2.1,-3.6,74.5,30.5,-18.2,-60.5,64.4,-49.3,2.9,0
GIFNIK,-28.7,-47.0,-2.1,-4.1,67.2,36.9,-14.4,-89.3,72.6,-62.9,4.4,1
GIIKTN,-29.0,-65.4,2.1,3.6,66.5,33.3,-17.4,-80.4,81.1,-57.1,1.8,0
GIKLAN,-15.7,-57.7,3.5,5.2,74.0,29.9,-9.1,-84.6,74.5,-57.2,2.4,0
GIVIVA,-38.9,-44.6,-2.1,-4.2,56.5,22.0,0.0,-78.9,59.8,-52.2,1.7,1
GKQAYQ,2.9,-53.9,4.1,6.6,76.1,35.6,-17.3,-75.9,86.0,-61.0,2.0,0
GKQGYQ,8.7,-46.1,-2.1,-2.1,77.0,33.3,-17.2,-57.6,65.5,-46.0,3.0,0
GLCYFN,-23.5,-44.3,-2.1,-4.7,70.5,31.6,-4.0,-85.1,74.5,-62.0,1.4,1
GLFINM,-51.3,-49.8,3.5,5.3,67.7,38.6,-7.5,-109.2,67.7,-69.3,0.9,1
GLLLWQ,-42.9,-45.4,-2.1,-4.3,71.5,36.5,-0.6,-105.7,70.1,-67.8,3.2,0
GLSIFV,-33.6,-50.4,2.3,6.3,71.3,30.6,0.0,-104.6,70.2,-66.0,4.2,1
GMFNIQ,-30.1,-46.6,-2.1,-4.1,72.0,41.7,-16.6,-92.6,74.3,-67.6,1.2,0
GMLASQ,-11.5,-44.3,-0.9,-1.2,70.5,24.7,-5.6,-64.2,54.6,-46.0,0.5,0
GMLASR,-11.4,-58.6,1.6,1.3,79.6,25.1,-8.6,-71.2,68.0,-52.0,1.1,0
GMMGML,-25.0,-49.4,-1.9,-3.2,81.2,35.5,0.0,-91.1,64.1,-61.4,0.4,1
GMNFGA,-9.7,-51.3,3.1,7.3,84.2,25.9,-8.7,-77.6,59.7,-55.7,3.1,0
GMNFGT,-9.3,-52.5,2.9,7.6,86.4,30.7,-11.0,-85.0,69.1,-61.5,3.3,0
GMSLND,-9.0,-42.7,-0.3,-0.9,68.6,29.7,-9.3,-65.7,58.8,-48.9,0.8,0
GNCFIL,-23.0,-53.5,3.0,5.5,73.2,34.1,-7.5,-94.3,78.5,-66.0,3.0,1
GNFNNL,-8.7,-49.9,3.1,5.6,74.6,32.6,-35.7,-77.8,91.9,-63.9,5.4,1
GNGAAV,30.4,-44.3,-2.0,-4.2,78.8,5.1,-0.5,-26.1,41.3,-22.8,4.8,0
GNGADV,34.0,-37.6,-1.5,-1.2,73.4,6.0,-5.4,-21.7,42.0,-20.7,0.3,0
GNHGGG,26.0,-43.6,-0.9,-0.9,72.9,12.0,-11.1,-26.9,49.0,-27.4,1.0,0
GNNATA,14.8,-50.6,3.1,5.7,76.0,17.4,-26.0,-50.8,84.4,-45.2,0.5,0
GNNQQN,4.1,-45.4,3.3,5.5,69.2,46.9,-61.8,-59.7,105.9,-61.0,0.3,0
GNNRYQ,6.2,-47.2,-1.1,-3.2,71.1,42.2,-27.8,-59.1,81.5,-53.9,1.4,0
GNNSGP,22.1,-41.3,-1.5,-2.7,68.2,15.0,-17.2,-21.2,45.5,-23.6,0.4,0
GNNSYS,6.7,-43.7,-2.1,-4.1,71.5,27.2,-22.5,-45.3,67.2,-43.5,1.1,0
GNQQQG,8.9,-58.3,2.0,3.3,76.0,46.2,-39.9,-57.0,90.3,-55.3,0.4,0
GNQQQG,8.9,-58.3,2.0,3.3,76.0,46.2,-39.9,-57.0,90.3,-55.3,0.4,0
GNQSGF,7.6,-49.2,3.2,2.0,79.7,23.5,-17.0,-55.7,68.1,-47.3,0.3,0
GNSALA,9.8,-49.4,3.1,5.1,76.3,14.3,-11.4,-56.8,72.8,-45.0,0.4,0
GNSATL,14.8,-56.1,3.2,5.1,76.8,21.3,-20.2,-47.0,69.8,-39.2,0.4,0
GNTCVN,5.8,-50.7,3.4,7.4,67.1,22.7,-13.8,-51.7,68.0,-42.6,1.5,1
GNVAVA,-5.6,-50.3,0.7,2.5,71.7,14.1,-7.3,-61.1,65.4,-43.3,0.1,1
GNVCIN,-19.5,-53.1,1.7,5.0,67.9,28.1,-15.4,-80.0,81.4,-58.6,0.3,1
GNYKNF,-12.5,-49.6,3.4,3.8,74.7,36.7,-23.0,-88.1,91.5,-69.9,5.4,0
GQGSDD,29.6,-47.3,-1.5,0.7,70.7,18.6,-17.8,-26.0,56.2,-26.4,1.9,0
GQIVYK,-23.7,-44.9,-2.1,-4.5,65.6,36.7,-7.0,-87.9,77.6,-63.9,3.8,0
GQNNTQ,7.9,-48.2,-2.1,-4.2,67.6,34.1,-31.8,-42.8,73.7,-42.8,1.3,0
GQQNQY,-5.2,-54.0,3.8,3.3,75.6,45.9,-39.4,-72.6,92.4,-63.0,2.4,0
GQQQSY,-4.2,-61.7,2.0,1.0,73.3,45.0,-34.1,-61.2,85.0,-55.3,0.3,0
GQQSYS,4.9,-53.0,-1.9,-3.5,74.4,35.5,-30.8,-42.3,62.8,-39.2,2.3,0
GQSSYS,13.3,-49.5,2.5,4.6,71.0,23.5,-25.3,-42.3,67.4,-42.1,3.0,0
GRGNYK,16.4,-49.2,4.1,7.3,77.4,22.5,-19.4,-48.1,60.6,-40.4,0.7,0
GRGNYK,16.4,-49.2,4.1,7.3,77.4,22.5,-19.4,-48.1,60.6,-40.4,0.7,0
GRIGIA,-7.0,-51.0,4.4,6.8,75.2,21.6,0.0,-76.4,58.1,-49.7,1.5,0
GSASNA,16.2,-48.5,-2.0,-4.2,69.4,13.7,-16.2,-24.0,49.2,-26.2,4.1,0
GSGFNG,11.3,-44.1,-1.8,-4.2,72.2,15.8,-9.3,-41.1,58.9,-37.4,1.2,0
GSGSGF,20.1,-50.2,-1.8,-6.7,77.4,14.8,-6.5,-28.7,44.2,-26.6,3.8,0
GSHLVE,-5.9,-56.0,-3.5,-6.0,69.4,27.9,-12.1,-56.4,71.1,-44.7,1.5,0
GSIAAT,8.9,-39.0,-1.1,-1.3,65.9,11.5,-2.8,-35.6,38.0,-26.9,0.1,1
GSNNTF,-0.7,-59.4,3.2,2.5,74.8,29.2,-27.1,-62.0,94.1,-58.3,0.6,0
GSNSGA,20.9,-50.5,-1.8,-4.1,76.0,11.6,-13.0,-18.0,40.5,-20.9,1.1,0
GTFFIN,-24.7,-44.2,-2.1,-3.7,66.4,28.9,-2.5,-84.2,72.2,-61.1,2.4,1
GTFFIT,-28.8,-53.2,2.9,8.0,65.8,29.7,-15.1,-91.9,80.0,-66.4,4.8,1
GTFFQE,-20.9,-44.5,-1.8,-7.0,69.3,33.4,-10.9,-78.4,75.1,-60.4,2.3,0
GTFNII,-11.7,-53.5,3.1,7.1,69.4,30.4,-17.2,-84.0,88.5,-63.0,4.6,1
GTFSIN,-9.7,-53.4,3.4,8.0,64.1,27.2,-10.4,-72.9,75.5,-54.7,1.9,0
GTLFWG,-23.6,-43.7,-2.1,-4.5,67.1,26.1,-7.8,-85.0,70.7,-61.3,10.3,1
GTLVFM,-40.5,-51.1,2.5,5.5,66.7,28.8,0.0,-99.4,70.3,-66.4,2.2,1
GTVIIE,-25.5,-43.8,-1.8,-3.9,59.1,24.6,-0.5,-76.2,68.0,-53.4,0.5,1
GTVLFM,-36.6,-46.2,3.3,6.1,66.0,33.4,-6.3,-108.1,80.4,-72.4,4.8,1
GTVWWG,-15.6,-50.5,3.3,6.6,68.0,24.5,-3.8,-88.5,75.7,-64.9,6.6,1
GVATVA,2.3,-50.3,3.0,4.6,67.0,8.8,-0.9,-49.8,56.5,-37.5,0.1,1
GVFNNQ,-11.6,-47.8,-2.1,-4.0,70.8,27.6,-14.8,-64.9,70.1,-51.9,2.4,0
GVIGIA,-17.3,-49.2,1.6,5.1,70.5,17.4,0.0,-78.1,65.1,-52.2,0.3,1
GVIWIA,-36.9,-44.8,-2.1,-4.2,64.1,26.1,0.0,-89.8,66.8,-60.5,4.3,1
GVNNNN,-7.4,-52.3,3.1,4.7,67.5,30.3,-55.9,-47.2,90.6,-49.8,1.0,0
GVNYFL,-20.1,-54.4,2.5,6.7,71.2,29.7,-12.2,-91.6,93.3,-69.7,3.4,1
GVPGIA,20.4,-38.5,3.3,6.6,83.5,13.8,0.0,-58.6,48.8,-39.0,0.3,0
GVQVGD,9.4,-42.1,-1.6,-2.9,64.6,16.5,-5.9,-36.0,46.1,-29.9,0.1,1
GVTIIT,-31.2,-53.0,2.9,6.1,62.0,26.1,-3.7,-85.5,66.4,-56.2,1.7,0
GVVPQY,-10.0,-41.2,2.3,3.5,80.6,23.1,-8.3,-88.8,66.6,-61.2,13.0,0
GVVTSE,16.1,-45.1,5.1,5.2,62.5,17.1,-4.3,-56.6,71.9,-44.3,3.9,1
GVVVVT,-21.6,-44.8,-2.1,-4.2,56.4,16.7,-0.2,-61.4,60.9,-44.6,0.2,0
GVWWFF,-26.9,-52.2,3.2,-4.1,75.1,34.0,0.0,-115.0,85.8,-80.1,23.6,1
GWGSAS,19.2,-49.7,-1.8,-4.1,77.8,15.6,-5.7,-45.2,54.0,-39.0,16.6,0
GYCFIL,-24.9,-50.0,3.3,8.2,71.4,33.0,0.0,-97.1,69.5,-66.8,2.4,1
GYFILQ,-32.8,-50.1,-1.9,-3.0,71.7,37.8,-1.3,-104.6,77.1,-71.4,9.3,1
GYFLNF,-40.0,-49.5,3.5,1.9,70.1,36.9,-13.9,-103.0,78.0,-71.5,5.8,1
GYFLNM,-42.9,-49.7,3.5,5.9,69.9,38.4,-10.1,-107.1,76.9,-73.4,1.5,1
GYGQSS,16.3,-39.2,-1.1,-0.9,70.7,22.7,-15.7,-32.6,39.3,-27.9,0.5,0
GYMLGS,-24.0,-50.0,-1.9,-4.1,74.6,28.6,-6.9,-76.0,63.6,-54.6,1.4,1
GYQAGF,1.0,-45.5,-1.8,-6.7,77.4,26.0,-7.2,-67.8,69.3,-53.8,9.9,0
GYQAYN,-9.7,-55.3,3.3,6.3,75.8,39.1,-25.5,-81.9,93.3,-67.2,2.2,0
GYQQGG,-1.9,-47.0,-1.9,-4.0,72.3,27.9,-15.9,-52.9,62.4,-44.6,0.7,0
GYQQQF,-13.3,-55.4,3.3,5.7,74.5,58.9,-34.7,-91.5,98.5,-75.0,1.8,0
GYQQQY,-10.3,-55.1,3.3,5.8,74.2,57.2,-35.0,-89.3,100.5,-74.8,2.3,0
GYQQYN,-13.2,-55.5,3.3,6.9,74.0,52.6,-38.3,-87.7,103.3,-73.6,1.4,0
GYQQYN,-13.2,-55.5,3.3,6.9,74.0,52.6,-38.3,-87.7,103.3,-73.6,1.4,0
GYSGYQ,4.4,-44.1,-2.1,-3.8,76.7,22.1,-11.9,-52.5,61.9,-44.3,2.0,0
GYVIIK,-43.4,-49.2,1.2,4.7,67.5,33.0,0.0,-112.3,83.8,-73.6,0.5,1
GYVLGS,-21.2,-49.5,-1.6,-4.1,71.7,23.2,-5.3,-72.3,67.1,-52.2,1.4,1
GYYQNY,-15.8,-49.2,3.5,0.9,71.1,45.4,-35.3,-86.6,94.2,-71.5,7.6,0
HAFLII,-31.3,-51.1,3.2,5.7,75.2,33.5,0.0,-114.3,86.1,-74.1,1.9,0
HATVYV,-2.0,-52.5,1.8,4.6,73.8,24.4,-6.0,-88.7,94.9,-65.3,8.4,1
HFVWIA,-26.1,-47.2,-3.7,-7.9,70.6,32.7,-2.0,-104.3,85.7,-72.7,11.7,1
HGFNQQ,8.7,-47.1,-2.1,-4.4,78.3,33.7,-17.2,-61.8,81.4,-54.1,0.7,1
HGGGGN,41.8,-49.5,-2.8,-5.4,85.5,10.9,-5.8,-16.8,42.1,-17.7,0.1,0
HGGGNG,28.7,-52.1,-2.9,-5.2,78.3,10.9,-8.5,-15.4,39.4,-17.2,0.1,0
HGWLIM,-18.8,-52.6,2.3,6.0,85.0,38.4,-3.1,-108.8,80.3,-73.5,2.9,1
HICNFF,-15.3,-54.8,3.4,1.8,75.9,43.5,-13.7,-102.5,103.0,-79.3,5.5,1
HIFIIM,-64.4,-54.6,3.5,5.2,66.6,48.4,-4.5,-135.8,89.6,-88.3,2.6,0
HIFLLC,-41.6,-54.2,3.5,5.1,70.8,40.6,-4.2,-112.6,80.1,-75.2,2.6,1
HKALFW,-18.7,-45.7,-3.6,-5.6,74.0,31.5,-0.5,-94.7,83.9,-65.5,5.3,0
HLFNLT,-23.1,-54.4,2.9,6.3,73.9,39.0,-14.6,-101.6,91.0,-73.3,4.4,1
HLVEAL,-3.9,-45.7,-4.6,-9.8,74.9,34.8,-5.7,-82.4,89.0,-59.6,0.6,0
HLVYIM,-39.2,-55.5,2.5,4.9,68.1,41.4,-3.8,-128.3,96.8,-86.8,16.4,1
HNNNNN,15.1,-56.7,3.5,4.7,76.9,38.5,-59.4,-47.9,105.4,-54.5,2.1,0
HNNNSQ,18.3,-56.2,2.3,4.1,78.3,40.9,-50.7,-55.5,108.8,-59.6,2.9,0
HNSVNF,-4.3,-53.5,3.2,2.1,77.8,27.0,-10.7,-82.4,92.6,-65.4,2.9,0
HNTNNA,16.3,-52.2,4.0,5.5,70.0,31.8,-48.7,-46.7,89.7,-47.7,7.9,0
HPAENG,32.8,-39.2,-5.5,-10.8,81.1,19.1,-10.1,-40.8,65.8,-36.4,6.8,0
HQFNLN,-8.2,-52.5,3.3,6.8,76.6,40.2,-22.4,-85.6,88.7,-66.2,1.9,1
HQIVYK,-19.2,-46.1,-2.1,-5.1,67.0,46.2,-10.1,-101.8,98.6,-76.0,5.6,0
HQLIIM,-40.9,-54.0,-2.8,-4.6,69.5,49.3,-3.8,-111.3,84.2,-72.5,1.6,1
HSSNNF,5.1,-44.4,2.4,2.0,69.0,32.7,-33.5,-63.2,99.0,-60.6,0.9,1
HTAVTT,13.1,-48.7,-3.5,-5.2,62.5,16.2,-9.1,-39.7,66.9,-33.8,3.7,0
HTFNLL,-20.7,-53.3,3.1,6.6,72.3,34.3,-22.9,-92.6,97.6,-71.0,3.8,1
HTVIIE,-26.4,-58.7,2.7,-17.4,67.3,43.3,-7.6,-100.3,199.2,-75.9,14.2,1
HWQNFA,-3.6,-47.9,-3.4,-7.1,78.4,41.1,-19.6,-90.1,109.3,-75.3,8.6,0
HWRNFA,-5.4,-47.5,-3.1,-4.4,76.5,39.0,-16.4,-90.5,107.8,-76.5,7.5,0
HYFNIF,-29.4,-53.9,3.5,2.3,72.1,42.6,-22.5,-110.5,109.2,-85.2,10.2,1
IATVYV,-6.6,-52.0,1.8,4.7,74.5,23.2,-2.5,-92.1,90.6,-64.5,8.3,1
ICSLYQ,-13.8,-53.2,2.5,5.3,74.0,36.6,-15.5,-91.7,91.8,-68.7,2.3,0
IDLTQR,-23.0,-51.1,3.1,-1.9,72.3,47.9,-19.4,-99.6,91.6,-69.3,2.1,0
IEDSVI,22.8,-48.8,6.1,8.5,71.7,24.3,-4.3,-71.5,87.4,-52.9,0.2,0
IEKVEH,-1.6,-55.9,5.6,2.6,72.2,35.4,-7.9,-87.0,90.6,-62.3,1.5,0
IEMIFV,-32.6,-51.0,4.4,5.5,76.6,40.2,0.0,-118.7,83.2,-77.3,3.2,1
IFDFIQ,-23.3,-54.9,3.8,6.7,73.2,42.2,-6.4,-111.6,96.7,-77.1,2.1,1
IFNYNN,-25.7,-54.5,4.0,6.4,73.3,42.8,-28.2,-95.5,93.3,-72.7,1.4,0
IFQINS,-23.9,-56.3,4.0,6.0,71.0,45.3,-23.4,-94.9,84.0,-67.6,4.0,1
IGIIKT,-15.2,-50.8,4.6,5.6,76.2,32.2,-2.8,-95.1,71.9,-60.6,0.9,0
IGNNSI,13.3,-51.7,4.0,5.7,80.2,26.7,-18.2,-64.9,75.5,-49.2,0.9,0
IGRTLV,10.4,-49.3,7.4,6.8,76.2,26.4,0.0,-78.5,73.6,-54.7,0.5,0
IGRTLW,4.4,-52.5,0.2,0.9,77.8,37.5,-3.4,-93.8,106.4,-71.7,1.2,0
IGWGSA,12.4,-38.5,-1.1,-1.6,73.6,18.4,-2.3,-55.8,56.3,-43.4,6.6,0
IHKAQN,6.8,-57.6,5.6,7.1,77.8,34.2,-14.2,-73.5,79.0,-54.8,0.9,0
IIHFGS,-12.7,-56.9,4.0,5.7,77.5,33.4,-9.0,-84.7,74.6,-60.1,0.7,1
IINFEQ,-14.8,-54.8,6.8,10.3,72.8,41.9,-19.5,-95.6,86.7,-67.9,0.9,0
IINFIT,-28.0,-53.6,4.0,6.0,70.1,38.9,-15.0,-102.5,92.0,-71.6,0.7,1
IIPFEQ,0.9,-40.6,7.0,10.1,84.6,34.2,-4.7,-102.5,74.6,-67.6,3.8,0
IITVTN,-10.7,-55.2,3.1,6.8,61.8,26.3,-8.1,-74.2,79.6,-53.4,0.0,0
IKLANA,-10.2,-49.3,4.7,6.5,77.5,28.6,-10.1,-81.6,65.2,-53.7,1.5,0
ILENIS,-11.5,-54.2,3.5,5.3,73.4,37.9,-15.9,-89.3,89.7,-63.8,0.4,0
ILGSNN,7.6,-50.4,3.1,6.1,80.6,30.7,-30.6,-60.5,77.0,-49.1,0.3,0
ILQINS,-30.7,-51.5,3.5,4.7,67.8,43.4,-24.2,-89.5,75.2,-61.1,0.4,1
ILVAGD,4.7,-38.2,-1.2,-2.1,71.7,19.0,0.0,-69.2,60.7,-46.9,9.3,1
ILVAGS,-4.5,-47.5,2.5,6.0,73.4,19.6,-1.8,-75.9,70.3,-52.7,0.1,1
INLYTD,-6.3,-50.3,7.6,10.2,66.9,37.9,-12.1,-98.3,89.5,-68.2,2.4,0
INNMTN,-2.4,-65.7,3.2,5.6,76.6,37.3,-28.9,-70.9,96.3,-59.3,1.4,0
INNVSN,3.5,-51.0,2.4,5.0,70.8,28.9,-26.7,-71.5,104.4,-62.3,1.7,0
INPAMM,-5.3,-43.5,2.5,4.6,93.5,35.5,-5.8,-108.8,74.7,-72.2,12.5,0
IQIMIW,-43.2,-55.2,2.5,7.4,74.0,47.4,-2.3,-132.5,93.4,-85.4,3.5,1
IQIVYK,-38.9,-51.7,3.3,5.2,69.1,40.7,-3.3,-111.6,78.0,-71.4,0.9,1
IQNNSN,11.7,-51.8,4.0,5.4,74.9,34.3,-29.7,-60.8,81.4,-50.3,0.6,0
IQRTPK,15.8,-40.1,6.9,7.4,74.6,36.0,-9.7,-86.2,75.0,-60.5,10.5,0
IQVYSR,-18.1,-49.5,3.5,5.7,71.1,38.8,-15.8,-89.6,79.6,-64.4,0.8,0
ISFLIF,-36.6,-47.5,4.9,1.6,70.9,39.8,-0.1,-125.7,95.0,-82.8,4.4,1
ISLSGD,7.5,-39.9,-1.8,-2.6,70.9,24.4,-13.1,-49.6,51.6,-36.8,2.8,0
ISMTTS,-5.2,-48.4,2.5,4.4,67.5,31.7,-6.4,-82.3,78.4,-60.1,2.2,0
ITLFWG,-31.0,-50.5,4.0,5.9,72.7,35.6,-2.9,-105.2,70.5,-69.3,2.9,1
ITQHGG,10.8,-51.8,3.6,4.9,74.7,26.5,-8.8,-58.7,60.9,-43.5,0.3,0
ITVIIE,-27.2,-54.4,6.6,11.4,64.3,31.1,-1.0,-106.0,86.4,-68.5,0.3,1
ITVTND,7.3,-49.2,9.3,11.9,61.2,25.4,-10.9,-68.2,76.7,-50.5,0.3,0
IVATTR,6.6,-50.1,3.7,1.8,68.2,22.3,-1.8,-65.2,74.0,-48.7,0.3,1
IVIRTP,-13.5,-40.4,-1.6,-5.0,60.5,32.9,-5.1,-82.4,84.2,-60.7,0.7,0
IVIVAT,-23.5,-52.9,2.4,5.1,69.4,26.0,-4.5,-100.5,83.4,-65.9,10.6,0
IVYSCE,0.3,-40.4,-1.5,-3.2,65.6,28.0,-7.6,-68.5,69.2,-53.9,10.5,1
IVYSWE,-5.4,-51.2,3.7,-10.9,79.4,44.1,-4.2,-94.9,184.7,-73.2,12.0,1
IYFNVQ,-18.6,-52.1,4.0,6.3,72.7,43.4,-19.9,-105.2,94.9,-76.5,7.9,0
IYQYGG,-8.3,-50.5,4.0,6.3,79.6,31.5,-2.8,-84.5,64.9,-59.4,1.1,1
IYQYGG,-8.3,-50.5,4.0,6.3,79.6,31.5,-2.8,-84.5,64.9,-59.4,1.1,1
IYQYGG,-8.3,-50.5,4.0,6.3,79.6,31.5,-2.8,-84.5,64.9,-59.4,1.1,1
IYQYGG,-8.3,-50.5,4.0,6.3,79.6,31.5,-2.8,-84.5,64.9,-59.4,1.1,1
KAAIDW,10.8,-43.2,-3.6,-4.5,74.7,25.5,0.0,-67.8,79.1,-51.2,0.6,0
KAFIIQ,-26.1,-46.4,-3.4,-6.1,72.2,40.6,-5.0,-97.6,79.0,-67.0,0.7,0
KAILFL,-39.8,-51.1,3.4,7.1,74.4,35.7,0.0,-115.5,75.3,-72.1,1.8,0
KAKEGV,25.2,-42.6,-6.8,-12.9,81.6,30.6,-3.7,-54.1,73.3,-41.0,0.4,1
KATVYV,-6.8,-52.9,2.8,5.2,74.8,26.8,-9.3,-90.7,91.2,-64.6,8.5,1
KCLNYL,-16.2,-53.5,4.6,8.9,76.1,42.2,-10.3,-108.1,98.0,-77.2,2.3,1
KCWCFT,-7.9,-39.7,-2.6,-4.1,74.7,37.2,-3.6,-89.8,88.8,-68.3,5.9,1
KDWSFY,0.2,-50.4,8.4,7.0,77.8,37.8,-20.1,-98.7,110.0,-79.0,6.5,1
KECLIN,-11.6,-53.5,1.7,1.5,76.3,41.5,-5.8,-100.6,96.7,-71.0,0.5,0
KEEEKS,21.6,-45.7,-0.6,-12.1,76.2,45.4,-23.5,-53.8,79.5,-44.6,0.2,0
KEEKPV,36.8,-38.8,2.0,-5.2,78.2,38.5,-6.7,-74.7,87.5,-54.7,10.2,0
KEEKSE,24.2,-39.2,-1.5,-12.2,66.6,41.2,-23.2,-50.6,86.1,-44.3,0.5,0
KENIIF,-26.5,-61.2,0.3,-7.9,73.9,49.4,-17.6,-108.7,117.7,-78.6,4.5,0
KEPTRE,25.7,-34.8,-7.2,-22.6,81.0,51.5,-30.0,-67.2,91.2,-56.2,18.0,0
KGENFT,16.1,-45.6,-2.7,-10.0,78.2,38.7,-23.6,-54.6,79.1,-46.6,1.8,0
KHIIVA,-33.1,-59.7,-0.4,-3.4,69.4,42.3,-8.3,-109.2,106.6,-74.5,0.7,1
KIVKWD,-15.4,-36.5,-3.0,-6.5,66.8,44.5,-7.5,-99.6,87.9,-68.4,4.6,1
KKEEEK,27.3,-43.5,-4.7,-14.9,76.0,45.2,-8.1,-65.7,93.4,-51.4,0.6,0
KKEEKP,10.3,-39.4,-3.6,-20.0,71.2,47.3,-10.5,-77.9,101.1,-59.3,0.5,0
KKEEKS,14.7,-45.4,-2.4,-13.5,76.0,43.5,-21.1,-59.7,85.0,-48.8,0.3,0
KKTLKL,-19.9,-52.0,3.1,4.8,68.8,40.9,-5.8,-106.6,90.7,-70.1,3.0,0
KKVDTK,4.2,-57.1,0.1,-3.5,71.3,29.9,-9.5,-77.8,107.0,-59.4,2.2,0
KLANAT,11.3,-51.1,4.3,7.3,80.7,22.8,-13.3,-66.6,77.3,-51.1,0.6,0
KLFIIQ,-48.5,-50.9,4.8,6.8,67.1,46.1,-6.6,-121.2,78.5,-77.3,3.4,1
KLFIQF,-52.8,-50.1,4.8,3.7,70.8,43.1,-2.0,-123.8,75.6,-78.7,3.3,1
KLLEIA,-30.7,-45.5,-4.3,-6.2,71.2,39.2,-0.5,-102.1,75.2,-65.8,1.5,0
KLLIYE,-45.3,-45.3,-5.2,-10.3,69.0,53.1,-12.0,-117.6,91.5,-77.1,1.8,1
KLVFFA,-49.7,-45.5,-3.1,-5.2,69.3,33.1,0.0,-108.2,78.5,-72.8,2.4,1
KLVSSS,-0.4,-41.4,-0.9,-1.1,61.4,30.2,-15.6,-53.3,61.3,-42.1,0.2,0
KMFFIQ,-43.5,-56.4,4.2,10.9,73.9,49.8,-10.9,-126.9,92.0,-87.1,4.0,0
KNEEGA,29.9,-41.1,-1.4,-3.7,73.8,34.3,-28.1,-39.6,69.9,-36.3,1.2,1
KNFNYN,-8.2,-58.9,4.5,9.6,74.5,41.1,-35.6,-85.3,101.5,-70.7,2.3,1
KNFNYN,-8.2,-58.9,4.5,9.6,74.5,41.1,-35.6,-85.3,101.5,-70.7,2.3,0
KPAESD,46.0,-34.2,-5.5,-8.3,83.0,23.2,-4.7,-39.6,58.2,-33.4,6.7,0
KPKKTL,24.3,-33.5,-1.9,-3.2,71.1,36.0,-6.6,-74.9,80.4,-54.2,7.6,0
KPVQTE,19.0,-33.2,-5.2,-8.3,69.1,30.1,-3.5,-58.6,67.3,-45.3,5.9,0
KQAAPK,33.3,-23.5,-0.9,-1.4,63.1,18.4,-5.2,-44.5,61.2,-35.0,0.9,0
KQFGGG,12.2,-52.1,0.2,-0.7,90.2,21.4,-4.0,-65.4,68.5,-49.5,1.9,0
KQIGII,-16.0,-57.2,-0.3,-2.0,78.3,41.3,-6.5,-105.9,100.8,-69.6,2.2,1
KQIVYK,-23.9,-45.8,-2.5,-5.2,67.2,45.8,-10.4,-98.3,89.1,-70.5,3.6,1
KQQKQA,3.5,-57.8,5.8,6.8,75.7,56.3,-37.4,-76.6,91.7,-63.2,1.7,0
KSAETK,23.1,-49.5,2.5,2.4,73.6,30.6,-22.0,-47.2,71.5,-40.1,0.1,0
KSELPK,14.5,-25.1,-2.1,-12.4,61.8,43.2,-23.4,-69.0,92.2,-52.3,0.8,0
KSNFLN,-11.6,-50.3,3.2,6.9,71.6,34.1,-32.8,-77.8,91.5,-64.8,6.5,0
KTKEGV,16.1,-45.7,-6.6,-12.9,75.4,31.2,-5.4,-55.0,76.6,-42.6,0.5,1
KTKEQV,6.7,-43.5,-5.8,-9.1,71.1,46.3,-23.7,-68.6,93.5,-55.2,0.5,1
KTKQGV,18.0,-45.6,-2.8,-4.9,73.5,34.2,-12.8,-54.9,73.8,-43.3,0.3,1
KTLKLV,-26.2,-53.9,1.2,1.6,71.9,36.8,-0.2,-111.1,94.2,-72.5,2.4,0
KTVEGA,3.9,-40.4,-3.1,-6.0,64.9,28.3,-19.1,-46.9,63.3,-37.6,0.1,1
KTVIIE,-29.9,-60.1,2.3,0.6,66.1,40.5,-6.1,-106.5,100.6,-71.2,0.8,1
KTVIIT,-31.2,-59.0,-0.2,-2.6,65.6,38.6,-7.2,-102.2,101.6,-69.2,0.8,0
KTVIVE,-23.4,-61.1,2.2,-0.3,64.9,37.1,-7.1,-96.6,103.4,-67.1,0.1,0
KTVIYE,-24.0,-53.9,4.0,-10.2,70.4,46.8,-4.1,-103.2,184.0,-75.6,11.0,0
KTVLIE,-27.3,-46.4,-3.1,-5.6,62.4,38.8,-14.6,-88.7,87.8,-60.3,0.5,0
KVDTKP,-10.4,-38.6,-2.6,-11.8,60.3,34.1,-20.5,-67.4,87.3,-52.8,0.8,0
KVEDLK,13.2,-43.1,-0.2,-7.7,73.6,39.2,-6.8,-74.4,85.5,-54.7,0.9,0
KVEEPV,35.4,-24.0,-1.9,-8.0,61.0,35.2,-3.7,-68.4,95.0,-51.6,0.6,0
KVEHSD,9.0,-51.3,-5.5,-19.4,73.3,37.2,-18.4,-54.0,89.3,-48.0,0.6,0
KVQIIN,-30.3,-53.2,4.6,7.2,65.6,51.6,-22.9,-109.8,100.6,-77.6,2.6,1
KWDRDM,16.1,-45.3,-5.3,-19.1,70.2,50.2,-15.5,-89.8,121.7,-75.1,19.1,0
KYLNWD,-18.6,-52.2,7.5,13.7,78.5,40.1,-18.6,-114.1,108.2,-84.2,2.4,0
KYNNTG,-3.1,-45.3,-3.1,-5.1,67.4,32.4,-25.8,-59.0,86.3,-54.3,1.8,0
LAAVYV,-5.5,-51.9,1.8,4.6,80.9,19.8,0.0,-92.6,85.7,-63.3,8.4,1
LACVYV,-9.5,-52.7,1.8,4.6,80.3,26.2,0.0,-98.6,87.6,-68.1,8.4,1
LADVYV,1.8,-52.4,4.0,5.8,77.2,25.1,-4.2,-95.8,97.7,-67.1,8.9,0
LAEAIG,7.2,-50.0,2.0,3.4,80.4,17.0,-0.7,-69.8,73.9,-50.6,0.1,0
LAEVYV,-10.9,-52.3,3.8,3.9,78.6,33.1,-13.4,-100.2,94.7,-69.2,8.5,0
LAFVYV,-30.6,-53.1,1.8,4.9,78.1,30.1,0.0,-116.2,90.3,-77.2,9.7,1
LAGVYV,5.5,-50.3,3.4,7.4,84.6,19.5,0.0,-77.9,70.9,-53.1,0.1,1
LAHVYV,-10.4,-52.8,1.8,4.4,78.5,29.5,-6.7,-103.2,98.3,-72.9,10.8,1
LAIVYV,-30.1,-53.1,1.8,4.6,76.7,30.2,0.0,-115.1,89.4,-74.7,8.6,1
LAKVYV,-16.6,-53.5,2.5,6.3,77.1,31.7,-6.8,-105.7,93.6,-71.6,8.4,0
LALQTD,-11.5,-38.7,-1.9,-4.0,68.7,25.0,-2.2,-74.3,62.3,-49.8,1.6,0
LALVYV,-27.4,-51.7,3.4,7.5,75.2,30.2,0.0,-104.6,78.8,-67.7,0.5,1
LAMVYV,-26.3,-51.9,3.4,7.5,78.4,33.3,0.0,-107.2,78.7,-70.1,0.2,1
LANATK,14.0,-47.0,-2.0,-4.6,74.5,19.6,-4.9,-47.7,63.4,-38.6,0.2,0
LANFLV,-17.0,-50.7,2.3,6.4,76.2,27.3,-7.7,-93.8,80.3,-65.2,6.9,1
LANVYV,-12.8,-50.0,3.5,7.3,74.8,27.8,-11.4,-89.4,86.5,-64.4,1.6,1
LAPVYV,9.7,-39.8,2.3,6.1,86.2,21.1,0.0,-85.5,73.4,-57.6,3.2,0
LAQVYV,-14.9,-51.4,3.4,7.5,76.2,34.6,-10.7,-93.6,82.6,-64.8,0.1,1
LARVYV,-13.9,-55.7,3.9,4.7,80.1,36.4,-12.1,-105.4,97.9,-74.7,8.7,0
LASQQN,11.8,-39.4,-1.1,-1.7,65.8,26.9,-14.8,-47.0,61.1,-39.0,0.6,0
LASRQN,12.9,-38.2,0.6,-0.4,64.5,33.0,-23.0,-47.6,61.9,-39.7,0.5,0
LASVYV,-2.3,-51.6,1.8,4.6,77.7,24.4,-4.7,-90.4,90.1,-64.3,8.4,1
LATAYV,6.7,-48.7,2.9,5.8,81.5,20.9,-5.0,-81.8,87.3,-59.0,1.7,0
LATCYV,1.4,-49.1,2.9,6.1,78.9,28.9,-3.6,-89.5,88.9,-65.2,1.4,1
LATDYV,12.8,-32.3,-1.1,-2.1,67.3,24.6,-14.3,-62.7,76.6,-49.4,3.5,0
LATEYV,6.3,-37.8,-1.2,-2.1,67.7,23.6,-2.1,-66.3,70.4,-49.4,2.3,0
LATFYV,-13.3,-50.4,2.3,6.4,74.5,26.5,-3.5,-94.3,81.8,-66.3,7.1,1
LATGYV,14.1,-51.0,3.6,8.2,78.9,21.0,-2.9,-74.3,82.1,-54.6,0.2,0
LATHYV,2.3,-54.4,3.9,5.7,76.0,30.4,-7.1,-80.9,86.0,-60.3,0.7,0
LATIYV,-15.6,-52.1,3.4,7.4,75.0,30.6,-1.9,-101.7,86.6,-68.3,0.8,1
LATKYV,-0.7,-42.0,-1.9,-4.9,73.2,31.6,-6.5,-79.3,82.2,-57.3,1.7,0
LATLYV,-20.0,-53.3,1.8,4.6,77.2,30.6,-3.5,-107.3,94.5,-72.6,6.6,1
LATMYV,-14.2,-49.7,2.3,6.1,76.6,30.5,-2.6,-93.3,77.6,-64.3,1.5,1
LATNYV,6.5,-52.4,3.5,7.3,78.5,28.0,-15.8,-77.5,93.7,-61.3,0.5,0
LATPYV,19.8,-39.8,2.9,5.9,90.2,23.4,-4.5,-94.3,84.2,-64.1,13.8,0
LATQYV,-0.9,-43.0,-2.0,-5.0,74.0,32.2,-9.3,-76.5,83.0,-57.1,1.4,0
LATRYV,-1.2,-42.0,-1.4,-4.7,73.8,36.7,-17.2,-79.7,88.0,-60.6,1.6,0
LATSYV,8.0,-40.1,-1.1,-1.9,65.1,24.9,-4.7,-60.6,68.5,-46.7,3.0,0
LATTYV,1.7,-51.8,1.8,4.4,74.1,25.5,-9.2,-84.6,94.8,-63.2,8.0,0
LATVAV,5.1,-50.6,4.7,7.9,74.7,18.2,-1.8,-82.3,85.1,-57.2,0.4,1
LATVCV,2.5,-51.5,1.8,4.4,74.7,19.2,-2.5,-82.0,87.0,-58.2,8.3,1
LATVDV,12.4,-40.7,-2.1,-3.0,72.2,20.4,-1.8,-60.9,71.3,-44.9,0.8,1
LATVEV,6.3,-42.1,-1.8,-3.5,71.0,21.3,-1.9,-63.1,69.6,-45.8,0.8,1
LATVFV,-11.4,-52.4,1.8,4.6,74.7,24.0,-1.9,-97.1,91.4,-67.3,8.5,1
LATVGV,8.2,-51.1,1.8,4.2,79.9,16.2,-1.7,-77.5,80.6,-54.0,8.5,1
LATVHV,-1.3,-56.6,1.0,1.4,75.4,23.7,-6.6,-86.3,97.7,-62.3,8.4,1
LATVIV,-9.6,-53.0,1.8,4.9,71.0,22.6,-1.7,-95.2,94.6,-65.2,8.4,1
LATVKV,-5.1,-53.5,2.7,4.1,70.9,27.1,-3.9,-92.1,96.2,-63.8,1.4,1
LATVLV,-9.6,-52.6,1.8,4.4,74.0,22.3,-1.7,-93.9,90.5,-64.1,8.3,1
LATVMV,-9.3,-40.5,-0.9,-1.8,72.5,25.9,-2.9,-82.1,72.6,-57.0,3.0,1
LATVNV,-0.8,-52.0,1.8,4.4,75.6,23.5,-11.8,-83.7,92.1,-60.4,8.2,1
LATVPV,18.8,-24.3,-0.7,-1.5,59.0,18.1,-1.2,-61.9,66.6,-43.3,2.3,1
LATVQV,-0.4,-53.8,1.8,4.5,74.9,22.9,-5.0,-85.4,90.6,-60.6,8.2,1
LATVRV,-7.7,-55.8,2.1,-4.6,71.8,31.2,-6.7,-92.0,103.9,-66.6,1.9,1
LATVSV,2.0,-56.5,3.2,5.0,71.6,19.0,-11.4,-59.1,71.5,-44.0,0.2,1
LATVTV,-0.8,-56.0,3.2,5.2,69.4,18.9,-10.9,-62.8,76.3,-46.4,0.1,1
LATVVV,-1.6,-52.6,1.8,4.8,70.3,18.6,-1.7,-85.2,92.6,-60.4,8.4,1
LATVWV,-8.2,-52.0,1.8,4.6,76.0,25.6,-2.1,-102.7,97.1,-71.6,12.9,1
LATVYA,-16.3,-51.9,1.8,4.0,73.3,20.8,-2.5,-83.1,75.9,-58.6,2.7,0
LATVYC,-13.4,-52.0,1.8,4.1,73.2,24.5,-1.8,-86.8,81.6,-62.1,2.6,1
LATVYD,-2.9,-33.2,-1.8,-2.8,63.2,24.4,-6.8,-71.6,71.6,-53.4,3.8,0
LATVYE,-7.7,-44.2,-1.7,-4.6,67.0,25.5,-0.7,-74.1,77.6,-55.7,1.5,1
LATVYF,-27.0,-51.6,3.2,2.1,70.7,26.7,-1.1,-103.4,84.6,-72.4,10.8,1
LATVYG,-13.3,-51.8,1.8,4.0,72.9,20.7,-2.5,-76.9,69.1,-54.7,3.0,0
LATVYH,-6.3,-50.6,2.1,5.2,70.9,27.5,-6.7,-84.6,90.5,-63.7,0.8,0
LATVYI,-20.0,-49.8,3.5,7.9,73.2,30.8,-2.9,-104.2,88.6,-69.9,0.8,1
LATVYK,-12.5,-44.2,-2.0,-4.5,67.2,28.2,-0.7,-79.1,77.2,-58.1,1.7,0
LATVYL,-20.5,-50.4,2.3,5.7,71.3,27.1,-3.4,-93.1,79.8,-62.9,1.9,0
LATVYM,-28.5,-50.5,2.3,5.6,71.7,29.9,-3.4,-97.5,77.9,-66.6,0.7,1
LATVYN,-10.9,-52.6,1.8,4.3,74.2,27.0,-10.5,-87.3,92.7,-64.5,2.5,1
LATVYP,-18.8,-39.7,-2.1,-4.8,64.2,25.4,-1.3,-80.8,76.1,-58.4,0.7,0
LATVYQ,-8.7,-45.0,-2.1,-4.5,67.3,27.8,-1.5,-75.2,77.8,-56.5,1.6,0
LATVYR,-9.9,-44.2,-1.4,-3.7,66.8,28.3,-0.6,-78.4,78.1,-58.5,1.5,0
LATVYS,-9.8,-51.9,1.8,4.0,73.4,24.4,-5.7,-81.2,81.2,-60.0,2.8,0
LATVYT,-6.8,-52.2,1.8,4.3,74.2,23.9,-2.5,-88.8,90.2,-63.9,4.8,0
LATVYV,-11.4,-52.6,1.8,4.5,75.0,24.8,-3.3,-96.3,92.0,-67.2,8.3,1
LATVYW,-16.6,-34.0,-1.5,-2.5,65.5,29.7,-6.5,-90.0,80.9,-64.8,3.4,1
LATVYY,-14.8,-49.9,4.0,3.3,72.1,31.1,-2.8,-89.8,79.4,-63.4,0.6,1
LATWYV,-2.6,-50.2,4.0,6.2,77.4,29.1,-1.5,-91.9,85.4,-65.8,1.8,0
LATYYV,-7.7,-50.6,2.3,6.5,74.3,27.3,-2.6,-94.3,88.6,-68.6,8.0,1
LAVAGD,12.9,-36.4,-1.9,-2.8,72.3,11.6,0.0,-44.6,44.3,-31.7,1.5,1
LAVLFL,-38.2,-53.9,1.8,4.7,79.1,33.9,0.0,-124.5,94.4,-79.6,1.8,1
LAVVYV,-18.6,-49.6,3.5,7.5,72.9,24.8,0.0,-95.1,79.6,-63.6,0.7,1
LAWVYV,-20.8,-53.1,1.8,3.9,79.4,29.8,-3.8,-113.3,97.4,-77.3,13.1,1
LAYVYV,-26.3,-53.0,1.8,5.0,78.4,30.9,-1.3,-114.6,92.1,-77.2,10.2,1
LCTVYV,-19.2,-52.0,3.4,7.7,70.3,31.7,-3.9,-99.2,86.4,-68.9,0.9,1
LDGFSR,10.6,-41.5,-0.6,-3.6,80.8,31.3,-14.7,-62.1,65.5,-46.3,0.5,0
LDGSSR,28.3,-41.9,-0.8,-5.0,79.3,29.8,-23.0,-39.5,61.8,-34.5,0.4,0
LDQWNG,-4.8,-51.0,3.3,3.4,71.0,41.8,-17.0,-86.6,95.4,-67.9,2.2,0
LDTVYV,-3.7,-49.7,7.1,9.7,66.0,28.0,-2.9,-90.7,90.2,-64.4,0.8,0
LEFWLQ,-28.9,-54.3,4.3,4.3,80.5,45.4,-11.3,-116.7,89.2,-79.5,5.9,1
LETVYV,-7.0,-42.4,-0.3,-7.0,68.2,31.1,-1.8,-81.3,82.0,-58.8,1.2,0
LFMFND,-39.6,-48.4,-2.3,-8.1,78.9,43.1,-4.4,-112.1,89.7,-79.8,3.1,0
LFMSND,-9.7,-38.2,-1.3,-2.3,70.5,34.3,-7.6,-76.0,65.4,-56.0,0.3,0
LFNNST,6.2,-57.4,4.0,5.9,74.1,32.0,-20.1,-72.7,86.0,-58.1,6.9,0
LFTVYV,-25.3,-51.9,3.2,5.4,68.5,31.0,-3.2,-95.7,80.0,-66.2,1.4,1
LGNNSN,24.6,-50.1,3.8,5.4,81.5,28.1,-24.3,-52.0,75.5,-44.8,1.1,0
LGTVYV,-1.0,-50.9,3.4,7.4,75.6,25.3,-2.7,-84.0,80.2,-58.8,0.6,1
LHTVYV,-11.8,-52.7,2.7,6.6,68.7,32.8,-6.9,-95.9,94.6,-68.2,0.7,1
LIAGFN,-2.7,-56.3,0.9,4.8,82.9,26.4,-5.6,-88.7,95.9,-64.4,0.0,0
LIFLIV,-54.9,-51.9,2.3,7.2,70.1,41.8,0.0,-138.4,88.3,-84.7,4.3,1
LINNSV,0.1,-53.1,3.4,7.4,71.3,29.5,-20.8,-75.7,91.5,-59.3,1.6,0
LITVYV,-30.4,-52.2,3.4,7.4,65.5,32.2,-1.9,-106.6,89.0,-71.2,0.3,1
LIVAAD,-6.1,-38.9,-0.4,-2.1,72.2,18.8,0.0,-72.9,62.7,-49.0,1.6,1
LIVAGD,-0.5,-23.8,0.5,-0.4,56.4,20.2,0.0,-70.4,59.3,-45.6,1.8,1
LIVAGE,-1.2,-23.8,0.1,-0.8,56.9,20.2,0.0,-71.7,60.4,-46.3,2.5,1
LIVAGK,-5.9,-49.0,2.4,4.0,80.5,22.2,0.0,-84.5,69.6,-56.0,0.7,1
LIVAGS,-3.3,-50.5,3.5,5.3,76.9,23.1,-5.4,-75.3,67.2,-51.2,0.8,1
LIVAGT,-2.0,-23.8,-0.7,-1.3,56.7,19.9,0.0,-70.7,60.1,-45.9,2.5,1
LKLVSS,-19.8,-62.5,0.6,0.4,71.2,41.4,-31.9,-79.6,92.8,-58.7,2.2,0
LKNGER,13.3,-46.3,-4.1,-7.8,77.7,36.0,-17.4,-59.2,80.0,-47.7,0.6,0
LKTVYV,-21.6,-51.9,1.3,5.0,68.9,33.5,-2.1,-104.2,94.1,-70.8,0.2,0
LKVKVL,-37.8,-54.0,5.0,9.5,67.2,39.2,-2.6,-116.9,87.7,-74.6,0.8,1
LLAVVA,-17.0,-49.5,2.5,4.4,68.0,20.6,0.0,-82.6,69.1,-54.3,4.0,1
LLFCHI,-31.8,-52.7,1.5,4.6,77.8,43.5,-1.5,-118.4,87.4,-78.5,3.5,0
LLFYHI,-36.3,-57.1,2.1,3.6,75.2,44.0,-6.9,-127.2,105.1,-86.3,6.2,0
LLGPTI,11.1,-39.3,3.4,6.6,84.9,23.6,-1.7,-87.9,72.1,-56.8,2.3,0
LLNKTN,-11.8,-70.1,2.3,4.3,71.9,45.4,-32.7,-87.1,119.5,-68.1,0.6,0
LLTVYV,-38.6,-51.5,2.3,6.1,67.1,32.8,-3.4,-109.8,85.8,-71.8,1.3,1
LLVPTI,1.3,-44.4,3.8,5.9,84.0,30.1,-4.4,-102.8,80.5,-66.2,8.0,0
LLYYTE,-30.2,-53.3,4.9,7.8,70.5,43.5,-14.2,-113.4,99.5,-79.9,3.0,1
LMNTTN,-10.5,-66.5,3.2,5.4,71.7,36.9,-23.1,-78.2,96.6,-62.9,0.3,0
LMSLFG,-26.6,-34.8,-1.5,-2.0,67.0,38.2,-5.5,-92.5,66.6,-64.0,0.6,0
LMTVYV,-29.8,-51.3,2.3,6.2,69.3,35.9,-3.5,-110.4,84.9,-73.8,5.3,1
LNDFQK,-4.4,-45.5,-1.0,-6.4,74.9,43.2,-17.6,-83.0,89.6,-60.8,0.9,0
LNIYQY,-31.2,-45.3,-2.0,-11.8,72.2,45.3,-17.6,-102.8,90.3,-72.2,8.0,1
LNIYQY,-31.2,-45.3,-2.0,-11.8,72.2,45.3,-17.6,-102.8,90.3,-72.2,8.0,1
LNIYQY,-31.2,-45.3,-2.0,-11.8,72.2,45.3,-17.6,-102.8,90.3,-72.2,8.0,1
LNIYQY,-31.2,-45.3,-2.0,-11.8,72.2,45.3,-17.6,-102.8,90.3,-72.2,8.0,1
LNNITA,-15.5,-50.3,2.4,4.8,68.4,30.8,-18.9,-84.1,93.5,-63.3,0.2,0
LNTVYV,-14.9,-51.7,3.5,7.4,68.1,31.3,-7.7,-94.5,93.0,-68.2,0.7,1
LPKVED,17.5,-34.9,-3.7,-10.6,75.5,33.1,-4.8,-74.8,83.1,-54.0,8.0,0
LPTVYV,11.1,-42.3,3.4,7.6,82.7,27.5,-1.9,-91.6,85.1,-63.5,0.4,1
LQGYQA,5.2,-49.8,2.5,4.4,78.4,37.1,-14.5,-75.3,76.8,-57.0,2.5,0
LQIVYK,-37.5,-52.5,3.3,5.2,69.1,41.0,-3.1,-112.6,80.0,-72.9,3.6,1
LQNVSN,2.6,-52.6,4.7,7.7,70.9,37.4,-26.8,-79.2,101.3,-63.4,1.2,0
LQSSWG,5.0,-55.1,3.5,5.2,76.7,38.2,-21.4,-70.9,89.2,-62.2,0.8,0
LQTDAR,2.0,-52.1,2.5,-3.2,75.9,40.5,-28.3,-78.8,101.5,-62.4,2.2,0
LQTVYV,-14.7,-51.9,3.5,7.6,71.0,37.3,-7.6,-101.8,96.6,-72.7,1.2,1
LRTVYV,-19.6,-51.1,1.2,4.5,69.5,34.6,-3.9,-102.4,97.1,-72.9,1.0,0
LSFSKD,-29.7,-41.5,-2.0,-6.7,66.3,37.6,-14.2,-80.9,67.9,-57.4,1.0,1
LSGDHC,30.1,-34.8,-2.0,-4.3,70.0,23.2,-17.8,-38.3,64.4,-34.9,2.3,0
LSQPKI,19.5,-41.2,2.6,5.1,87.8,39.9,-12.7,-98.2,91.2,-68.0,10.9,0
LSTVYV,-5.9,-51.4,3.4,7.4,68.8,27.1,-3.0,-86.4,85.9,-61.7,0.2,1
LTFIQV,-31.1,-51.4,3.5,7.6,73.5,37.5,-3.6,-112.1,81.5,-72.8,3.8,0
LTITQH,-12.4,-56.1,2.3,5.1,68.2,42.5,-10.8,-104.3,101.1,-73.5,4.0,0
LTQRGF,-8.1,-53.9,4.6,3.4,75.7,43.5,-17.3,-91.6,94.6,-70.4,0.8,0
LTTVYV,-19.2,-50.4,3.5,7.3,68.3,29.2,-3.8,-97.0,87.6,-67.1,1.1,1
LTVIIE,-32.3,-54.7,6.5,11.7,64.5,34.2,-0.9,-116.1,89.6,-73.7,2.4,1
LVEALY,-37.1,-49.8,3.9,5.1,71.9,25.5,-7.5,-98.8,79.9,-68.1,0.3,1
LVFYQQ,-30.9,-50.2,3.5,5.1,69.8,43.4,-15.5,-105.1,84.7,-74.3,5.3,1
LVHSSN,23.8,-32.3,-0.7,-1.4,65.5,29.9,-19.5,-52.9,77.2,-44.6,1.2,1
LVSSSG,12.8,-49.1,3.1,4.8,66.1,21.7,-8.6,-53.3,72.3,-45.9,0.2,0
LVTVYV,-24.4,-51.6,3.4,7.4,65.1,29.3,-2.0,-100.3,88.4,-68.3,0.3,1
LWTVYV,-21.8,-50.3,3.5,8.3,71.0,33.7,-2.0,-111.8,95.6,-76.5,2.9,1
LYQLEN,-20.6,-44.5,-1.8,-5.8,76.0,48.0,-18.5,-93.6,84.7,-66.6,0.4,1
LYTVYV,-21.4,-50.8,3.5,8.3,70.0,34.2,-2.9,-110.9,97.0,-76.5,3.5,1
LYVLIV,-44.3,-44.4,-2.0,-5.0,68.1,37.2,0.0,-112.4,83.4,-72.2,1.5,1
MAAAQA,10.2,-48.6,1.6,5.2,83.5,13.6,-2.1,-63.5,66.2,-46.8,0.8,0
MATVYV,-16.2,-52.8,1.8,4.5,74.6,27.5,-2.6,-101.5,92.2,-71.3,8.5,1
MCSIFQ,-24.2,-55.8,3.4,6.0,75.0,49.5,-13.3,-101.0,85.2,-75.4,1.9,1
MERLRI,-23.4,-42.8,-5.2,-11.6,73.4,50.8,-4.0,-101.4,82.0,-69.6,1.5,0
MEWLRI,-39.4,-44.4,-3.3,-12.5,76.2,57.1,-13.6,-117.6,94.6,-81.1,2.0,0
MGGGMN,11.3,-37.5,-1.1,-1.7,74.6,20.9,-1.1,-48.9,37.9,-34.4,1.6,0
MGMLAS,-13.4,-49.9,2.5,4.2,86.3,34.3,-5.3,-91.3,66.2,-63.0,1.9,0
MGNNTV,16.0,-44.3,2.2,4.6,67.9,23.9,-30.1,-62.3,107.4,-56.9,0.7,0
MHVNIQ,-27.1,-58.8,2.5,7.4,72.4,43.7,-18.3,-106.2,100.7,-76.1,1.5,1
MIENIQ,-14.7,-52.3,3.7,5.9,71.0,43.0,-13.5,-96.3,91.9,-69.6,0.4,1
MIHFGN,-12.9,-55.2,4.0,5.8,76.3,38.0,-9.9,-89.2,80.5,-65.4,0.9,1
MINLYT,-40.2,-52.2,2.3,6.0,68.3,44.8,-16.0,-117.0,99.4,-80.8,1.4,0
MLASQQ,-4.7,-55.2,3.1,5.3,76.3,39.5,-13.6,-82.8,84.4,-62.2,0.3,0
MLASRQ,-4.6,-58.2,1.6,2.4,81.1,41.2,-14.4,-94.3,106.2,-72.6,0.4,0
MLVLFV,-55.0,-54.3,3.1,6.7,71.4,40.2,0.0,-133.2,86.2,-84.1,3.5,1
MMAAAQ,-8.0,-49.9,3.1,4.8,83.7,24.1,-2.7,-83.3,68.9,-58.8,1.8,0
MMGMLA,-29.2,-39.7,-0.9,-1.8,77.2,38.4,0.0,-102.4,67.0,-68.6,1.0,0
MMHFGN,-19.6,-53.8,3.5,4.9,84.8,41.6,-10.6,-102.9,78.8,-73.9,5.1,1
MNFGAF,-12.0,-50.0,3.2,2.4,83.9,28.7,-8.6,-87.0,79.4,-64.9,0.7,0
MNFGTF,-22.6,-58.0,3.2,2.8,81.6,34.6,-18.1,-90.2,88.5,-68.7,0.8,0
MQIVYK,-33.4,-51.9,3.4,5.3,68.7,43.9,-3.3,-113.9,80.8,-76.0,5.9,1
MSDSNQ,13.3,-44.8,-0.3,-2.8,72.1,32.9,-34.3,-45.8,79.0,-44.1,0.4,0
MSLNDF,-4.5,-43.9,-2.2,-7.8,76.9,38.5,-10.9,-85.0,83.8,-63.5,4.5,0
MTFIQN,-31.5,-50.3,3.5,5.0,68.8,46.4,-15.8,-101.9,84.3,-73.3,1.0,1
MTVIIE,-32.2,-45.6,-2.5,-6.2,62.7,37.5,-1.3,-96.4,84.1,-66.5,0.4,1
MTVKQF,-32.5,-46.8,-2.2,-10.9,67.4,41.4,-8.6,-92.5,79.0,-65.5,3.1,0
MVGGVV,1.8,-44.9,-2.0,-5.0,76.7,20.1,0.0,-67.6,73.1,-50.1,0.5,1
MYFFIF,-48.6,-51.9,4.0,2.0,73.4,48.2,0.0,-137.1,93.8,-93.1,5.8,0
MYWIIF,-48.9,-53.4,3.2,-1.8,71.9,47.1,0.0,-137.5,101.6,-93.4,8.4,0
NAGSGS,28.5,-52.5,-2.0,-4.2,80.8,14.7,-17.2,-17.4,44.3,-19.9,1.9,0
NANASS,23.1,-64.7,2.0,4.4,81.8,21.0,-37.1,-33.7,86.5,-38.9,0.2,0
NANTSN,16.0,-68.8,2.0,5.3,75.5,26.3,-42.2,-37.7,97.5,-42.7,0.4,0
NAQAQP,16.6,-38.9,1.6,5.2,75.9,19.4,-8.1,-64.3,69.1,-47.6,3.8,0
NATAHQ,16.4,-52.7,-2.1,-3.5,73.6,23.4,-18.3,-38.0,64.7,-34.2,1.4,0
NATKKV,12.0,-55.2,-0.9,-4.4,70.5,30.4,-18.1,-49.7,76.6,-40.0,1.5,0
NATVYV,-6.7,-49.2,3.5,7.3,73.4,26.5,-19.1,-78.3,85.6,-59.1,1.1,1
NDFQKQ,-6.2,-55.3,-0.2,-5.2,71.5,52.1,-39.7,-70.4,96.5,-58.1,1.1,0
NDNNNN,3.8,-53.0,4.0,5.4,70.5,37.8,-67.4,-50.2,109.5,-55.6,1.9,0
NDNNSN,19.5,-54.0,4.0,5.3,74.8,35.3,-54.9,-40.7,94.3,-45.6,0.2,0
NENGNA,22.4,-50.7,3.6,4.0,80.0,22.5,-34.1,-43.8,85.8,-46.2,0.6,0
NFFIQS,-32.0,-57.8,-1.9,-3.2,74.1,41.0,-12.9,-91.2,75.6,-65.3,3.9,0
NFFWLL,-39.8,-51.8,3.3,7.7,76.4,40.8,-4.4,-124.1,90.4,-84.9,5.3,0
NFGAFS,5.8,-50.3,3.3,6.4,81.4,17.8,-2.0,-68.2,68.4,-52.6,1.2,0
NFGAIL,-7.0,-58.2,1.1,5.9,83.7,26.8,-7.5,-94.6,100.8,-68.0,2.3,1
NFGEFS,51.6,-22.4,3.0,3.3,88.5,30.6,-11.8,-84.3,103.3,-65.5,6.4,1
NFGSVQ,9.6,-58.3,1.1,5.4,79.0,28.1,-17.0,-71.0,97.4,-58.2,2.0,1
NFGTFS,5.3,-57.2,-1.9,-3.2,83.3,26.3,-10.8,-56.1,65.7,-45.4,2.5,0
NFLVHS,-30.1,-60.0,-1.9,-5.5,71.6,35.8,-15.9,-82.1,82.4,-60.3,2.0,1
NFNNGN,7.8,-55.0,3.1,5.0,77.4,32.8,-41.5,-53.7,89.9,-52.3,0.8,0
NFNYNN,-10.8,-52.9,4.0,6.3,73.6,40.4,-41.3,-75.3,98.1,-66.1,1.4,0
NFVNYS,-17.4,-51.9,3.3,5.8,72.0,34.1,-18.2,-90.1,91.4,-69.3,3.8,1
NGAAVD,28.7,-45.3,-2.6,-5.2,75.1,11.1,-12.0,-32.2,57.7,-28.9,9.3,0
NGADVG,30.4,-48.2,5.7,10.5,75.4,11.4,-10.0,-36.0,49.8,-28.8,0.0,0
NGERIE,13.0,-44.2,-3.2,-16.2,72.7,37.5,-18.0,-53.5,83.6,-47.8,0.4,0
NGIVIV,-16.8,-48.5,2.1,4.3,66.5,26.7,-3.5,-93.2,82.6,-61.9,2.5,0
NGKSNF,3.1,-50.9,2.6,0.4,79.2,36.9,-35.2,-64.3,87.0,-54.1,1.1,0
NGNLSN,9.0,-64.5,3.2,5.1,83.3,32.8,-32.9,-50.5,71.7,-41.5,0.3,0
NGNLTS,8.2,-65.4,2.0,4.6,81.3,25.7,-37.5,-53.4,99.2,-50.8,0.8,0
NGNNSN,22.9,-53.9,3.1,4.7,80.2,32.4,-51.5,-37.9,87.3,-43.8,0.6,0
NGNQNR,17.2,-51.6,2.1,3.7,77.9,37.3,-44.6,-52.4,96.4,-53.7,0.6,0
NGNQQQ,26.5,-51.9,2.6,6.0,80.0,45.2,-44.2,-49.5,85.7,-47.7,0.1,0
NHFCIQ,-12.3,-55.0,-2.2,-3.8,71.2,41.9,-11.9,-80.3,83.5,-62.3,3.5,1
NHGGGG,32.0,-51.4,-2.4,-4.5,82.1,11.2,-8.9,-17.1,38.4,-18.1,1.4,0
NHVTLS,-13.3,-51.8,2.5,4.3,64.7,30.5,-16.1,-78.3,83.8,-58.5,3.6,1
NIDQSF,2.0,-47.7,5.1,8.3,72.9,43.3,-37.6,-81.7,101.5,-67.0,3.5,0
NIFNFT,-16.3,-53.0,3.5,5.0,71.5,37.5,-21.0,-84.0,85.2,-64.3,2.8,1
NIFNIT,-13.0,-54.3,3.5,5.3,66.2,34.8,-15.5,-83.7,91.3,-64.1,2.8,1
NIFWVQ,-32.4,-48.6,-2.1,-5.1,69.0,43.9,-12.7,-109.7,94.4,-78.1,5.5,1
NIGNNS,12.2,-49.0,3.5,5.2,74.1,28.1,-26.1,-55.2,70.0,-44.4,0.6,0
NIGQSF,2.7,-47.6,3.5,1.6,74.7,38.4,-17.4,-72.6,71.7,-54.2,2.8,0
NINFFT,-16.7,-53.4,3.5,6.0,76.3,38.0,-15.6,-100.4,93.1,-73.8,4.4,1
NINFIT,-18.4,-46.3,-2.1,-4.7,68.3,37.4,-16.0,-89.9,87.7,-66.0,6.6,1
NININV,-23.1,-53.1,3.1,6.7,72.7,41.0,-34.3,-92.6,92.9,-66.0,4.4,0
NINKSN,0.9,-68.8,2.0,3.2,71.8,45.9,-35.7,-71.4,109.9,-58.9,0.4,1
NINNNN,-10.6,-53.2,3.1,4.8,69.0,39.2,-62.0,-62.1,110.1,-62.1,1.7,0
NINNSI,5.1,-51.8,3.4,6.3,75.9,39.0,-29.7,-77.8,98.5,-62.4,3.1,0
NINNST,13.8,-56.3,2.6,4.8,76.2,32.2,-41.6,-59.4,112.7,-60.6,2.1,0
NIQYQF,-21.1,-50.8,3.2,-4.1,70.0,48.2,-23.1,-106.6,102.1,-77.3,12.9,0
NISNNN,1.8,-53.3,3.5,5.3,70.4,37.6,-45.5,-60.2,95.7,-55.2,1.6,0
NIVLIM,-51.9,-47.6,-2.1,-4.9,65.3,40.9,-2.0,-113.2,81.5,-72.7,1.2,0
NIYQYG,-19.2,-53.1,3.5,4.6,72.3,44.9,-19.5,-96.0,85.1,-70.4,4.3,0
NKFGGP,19.5,-40.8,-2.4,-4.2,75.5,21.2,-6.6,-57.3,70.1,-45.0,8.5,0
NKGAII,2.3,-53.1,-0.3,-5.0,78.4,31.5,-5.7,-84.2,98.1,-58.4,0.4,1
NLFYQL,-26.1,-53.9,3.1,8.5,74.6,45.0,-12.5,-117.1,99.0,-82.2,8.2,1
NLGPVL,5.4,-40.0,3.4,6.2,84.9,27.5,-10.1,-86.5,65.0,-54.8,5.2,0
NLQGYQ,2.3,-48.0,3.4,5.9,80.1,49.4,-32.5,-77.3,76.3,-58.3,3.0,0
NLYTDR,-9.9,-45.8,-3.0,-5.5,66.0,39.9,-28.7,-75.9,96.5,-61.1,4.3,0
NMGGGM,16.7,-49.1,-2.0,-4.4,85.2,19.3,-5.1,-47.1,56.9,-37.3,0.3,0
NMNMNL,-28.3,-53.8,3.1,4.7,77.0,47.0,-39.5,-98.4,106.5,-79.3,2.6,0
NNATAH,19.4,-54.8,2.0,3.0,76.5,19.7,-18.5,-54.9,92.4,-50.2,0.6,0
NNGGNN,31.6,-52.6,-2.0,-4.4,84.0,20.9,-22.4,-31.6,69.2,-33.9,3.1,0
NNLQGY,-19.3,-49.1,3.1,2.4,82.4,46.9,-42.7,-84.2,87.0,-65.6,0.3,0
NNNGNQ,18.5,-51.3,3.1,4.7,78.9,31.7,-48.2,-46.7,94.1,-50.0,1.4,0
NNNISN,3.5,-50.0,2.4,4.9,70.6,33.3,-30.9,-70.4,103.7,-61.8,0.4,0
NNNISV,-1.6,-53.1,3.4,7.4,72.0,30.1,-17.6,-75.2,85.6,-57.0,0.7,0
NNNKNN,2.7,-57.4,3.1,4.2,74.4,38.8,-55.1,-57.4,107.9,-58.7,2.2,0
NNNLQG,-8.7,-55.4,1.8,3.7,78.5,34.9,-36.1,-72.7,97.0,-61.5,0.5,0
NNNNNE,11.7,-55.0,7.4,10.0,72.8,38.8,-62.3,-55.9,113.8,-60.7,1.9,0
NNNNSN,15.1,-53.7,3.1,4.7,74.8,39.3,-59.3,-44.0,98.4,-49.9,0.4,0
NNNNTN,11.1,-54.5,2.6,5.2,75.4,37.8,-60.8,-57.4,118.8,-60.7,1.2,0
NNNRGG,17.6,-50.1,-1.7,-4.1,78.3,31.4,-37.1,-26.8,54.8,-28.4,0.1,0
NNNSSS,18.6,-65.0,2.0,4.4,77.3,32.4,-51.9,-35.6,96.5,-43.6,0.3,0
NNNWSL,3.5,-64.3,2.0,5.2,78.1,36.8,-39.9,-71.8,119.3,-66.1,3.3,1
NNQNTF,-15.0,-69.4,2.0,2.0,79.6,48.3,-59.6,-75.0,126.1,-70.6,1.2,1
NNQQNY,-13.0,-50.2,3.1,2.5,77.3,61.0,-70.5,-83.3,124.3,-79.3,1.1,1
NNQQNY,-13.0,-50.2,3.1,2.5,77.3,61.0,-70.5,-83.3,124.3,-79.3,1.1,0
NNRYQG,-8.0,-45.3,-2.7,-3.4,71.3,43.1,-37.9,-64.6,86.1,-58.1,1.7,0
NNSGPN,41.9,-30.6,-0.7,-1.1,67.7,15.8,-18.0,-19.9,50.3,-22.3,0.8,1
NNSYSG,5.0,-63.1,2.0,4.2,75.9,30.1,-42.4,-43.8,86.7,-46.1,0.7,0
NNTIFV,-24.9,-50.6,3.5,7.3,69.5,38.8,-30.3,-95.4,94.6,-69.4,4.1,0
NPAMMA,6.5,-37.3,-2.1,-4.4,89.3,27.4,-2.8,-78.6,62.4,-57.2,7.6,0
NPDAGY,33.3,-41.7,4.3,5.9,97.5,17.3,-15.8,-60.8,65.5,-47.4,7.5,0
NPQGGR,54.7,-25.1,-1.0,-1.5,80.0,22.9,-18.0,-33.4,51.3,-29.6,7.2,0
NPQGGY,39.2,-43.8,2.3,3.6,101.5,24.8,-22.3,-54.5,63.9,-44.5,7.4,0
NQFIIS,-25.5,-58.3,-1.9,-3.4,71.2,39.4,-11.6,-85.0,77.1,-60.7,2.4,1
NQFNLM,-19.5,-51.2,3.8,5.9,75.3,42.4,-26.5,-94.0,93.6,-72.6,2.4,1
NQGNNQ,17.5,-53.8,3.5,5.2,78.6,40.3,-46.1,-51.6,91.8,-51.4,0.8,0
NQGYNT,10.9,-50.3,3.5,4.8,77.0,38.3,-36.6,-57.5,76.8,-49.4,3.9,0
NQIVYK,-25.1,-51.7,3.4,5.2,69.1,39.2,-15.5,-95.4,87.6,-69.0,0.8,1
NQNMNN,-6.0,-54.0,1.7,6.0,79.5,43.5,-62.7,-78.9,129.7,-75.0,0.4,0
NQNNFV,5.3,-54.4,3.5,7.5,78.2,35.9,-32.0,-72.3,97.5,-61.3,1.0,1
NQQNQY,-2.7,-58.0,3.8,3.5,77.9,53.9,-50.3,-77.7,107.2,-69.3,5.3,1
NQQNYQ,-8.4,-55.7,3.5,5.4,75.5,60.5,-56.5,-78.0,105.5,-69.6,0.8,0
NQQQGN,18.1,-51.3,3.1,4.8,79.2,45.8,-47.1,-58.8,98.6,-56.9,0.6,0
NQSCPS,32.1,-32.9,-0.7,-1.2,62.5,24.9,-19.2,-30.8,59.7,-31.6,1.0,0
NQSGFG,13.3,-51.7,-2.0,-4.9,70.2,20.6,-8.9,-39.1,58.5,-35.3,5.7,0
NQYNSS,7.7,-42.3,-1.1,-1.2,70.8,33.3,-32.2,-52.9,77.2,-49.9,5.1,0
NRYQGY,-6.5,-52.4,-3.8,-5.0,80.6,46.5,-33.9,-71.1,89.5,-60.7,2.3,0
NSALAL,2.5,-48.2,2.3,6.0,82.4,28.7,-12.4,-74.8,67.4,-50.9,1.4,0
NSATLD,14.5,-41.7,-1.8,-4.4,67.0,19.1,-14.2,-38.4,59.5,-34.0,2.8,0
NSGAAI,25.8,-49.0,-2.0,-4.4,76.3,12.2,-5.2,-33.9,54.8,-28.8,5.5,0
NSNINQ,0.3,-52.7,3.1,4.8,69.5,36.9,-39.8,-64.9,101.5,-60.5,0.8,0
NSNLTA,-0.9,-55.0,1.8,3.8,75.6,28.6,-26.8,-67.3,93.5,-57.8,1.0,0
NSNNSN,17.5,-54.7,3.1,4.7,74.7,32.8,-51.9,-39.8,93.8,-47.1,0.7,0
NSNSSN,18.9,-68.6,2.0,5.3,74.1,29.0,-45.9,-33.5,96.7,-41.2,0.3,0
NSNTNT,15.6,-54.6,4.0,5.4,70.4,29.7,-43.2,-40.9,87.8,-44.5,0.7,0
NSNTTK,11.7,-63.6,1.2,3.5,69.6,25.1,-32.5,-51.1,108.0,-51.4,2.0,0
NSNYTQ,0.5,-66.2,2.0,5.1,71.6,37.1,-45.0,-62.6,116.1,-60.4,1.8,0
NSSFNG,9.5,-56.8,-1.9,-3.2,72.9,23.5,-17.4,-34.0,58.1,-32.7,0.7,0
NSYSGS,18.7,-34.5,-0.7,-0.9,61.8,27.3,-33.7,-33.8,64.2,-34.9,3.0,0
NTIFVQ,-31.1,-51.0,2.6,6.4,63.9,39.3,-18.1,-95.1,82.1,-66.1,2.3,0
NTNNTS,10.9,-65.4,2.0,4.6,71.9,28.2,-42.1,-48.3,108.2,-51.2,1.5,0
NTVIIE,-21.6,-56.7,-1.1,-2.1,65.1,31.5,-7.2,-76.8,77.2,-53.3,0.1,1
NVAMHV,-12.0,-50.9,1.5,4.4,77.6,32.1,-11.6,-89.9,78.3,-61.5,2.5,0
NVAVHV,-6.3,-55.8,2.4,4.7,72.1,23.7,-14.6,-69.7,78.4,-51.1,0.9,0
NVNFSN,-19.6,-64.9,3.2,5.7,70.8,35.3,-33.1,-74.1,88.5,-59.6,5.0,0
NVTQVG,-6.0,-47.8,-2.1,-4.2,61.0,26.0,-10.8,-54.8,68.1,-44.7,0.4,0
NYCNFV,-2.9,-49.7,2.5,5.6,78.0,35.1,-14.8,-84.4,88.6,-66.6,3.5,1
NYFAIR,-20.4,-54.5,-1.0,-1.5,75.4,39.2,-15.6,-89.1,81.5,-65.1,5.4,0
NYKNFN,-5.1,-47.2,-2.6,-4.0,75.7,44.9,-30.0,-85.1,108.5,-71.7,5.1,0
NYNNNL,-3.4,-54.1,3.1,5.2,72.1,39.2,-41.1,-78.1,117.2,-71.7,1.8,0
NYNNSG,6.0,-63.4,2.0,4.8,77.7,31.9,-44.7,-50.2,98.6,-52.4,1.3,0
NYNNSS,10.1,-47.4,-2.1,-4.1,77.1,33.1,-33.5,-51.8,87.8,-52.7,2.5,0
NYNTYR,-4.4,-54.5,3.6,2.8,73.1,41.1,-31.4,-78.0,103.9,-69.5,2.2,0
NYQGYS,4.0,-55.5,-1.9,-4.3,81.5,33.3,-23.0,-53.0,70.6,-45.6,1.4,0
NYQQYS,-11.2,-55.9,3.3,5.9,73.7,52.9,-35.0,-90.2,105.9,-75.7,3.1,0
NYVWIV,-20.7,-53.7,2.5,8.5,71.7,32.6,-0.3,-110.8,95.3,-75.8,6.0,1
PAESDK,39.9,-42.5,-1.1,-2.5,72.8,16.5,-6.9,-35.0,70.7,-32.7,0.1,0
PAGGYY,20.2,-48.6,2.3,3.5,87.6,15.8,-6.6,-53.4,60.9,-42.0,0.1,0
PAMMAA,-9.3,-39.4,-0.9,-1.4,76.4,21.2,0.0,-71.9,56.7,-50.6,0.5,0
PATVYV,-1.2,-51.8,1.8,4.6,73.7,19.7,-1.7,-83.7,85.9,-59.5,8.3,0
PDAGYQ,7.6,-54.1,3.1,4.0,83.4,18.8,-13.4,-58.1,67.9,-45.0,0.5,0
PGGFGN,30.0,-44.8,-1.8,-4.5,81.4,12.9,-1.7,-37.3,52.2,-30.8,4.4,0
PKIQVY,-28.2,-49.7,4.0,3.8,73.3,47.9,-21.3,-110.3,91.8,-76.4,2.0,0
PKKTLK,-7.3,-56.4,1.5,1.6,71.3,43.5,-13.3,-94.3,101.1,-67.1,1.6,0
PKPKKT,28.1,-45.9,4.5,2.6,89.2,30.3,-6.4,-87.8,91.4,-61.5,11.4,0
PKVEDL,16.2,-42.3,-2.1,-3.3,69.7,35.8,-4.0,-80.8,99.2,-58.8,1.6,0
PMINLY,-40.2,-52.9,2.5,-0.8,75.7,42.8,-10.2,-119.7,93.2,-80.1,3.0,0
PNGITL,-3.2,-48.9,3.4,6.6,72.4,25.7,-10.0,-79.8,82.7,-56.9,0.3,0
PNSANS,26.0,-49.9,2.9,5.2,76.2,25.5,-30.8,-46.8,88.5,-44.9,0.1,0
PNVITL,-23.1,-58.9,3.2,5.6,69.2,32.8,-18.0,-90.5,95.9,-64.6,0.3,0
PQGGRG,30.9,-44.4,-0.6,-5.5,71.5,14.8,-4.4,-28.1,52.5,-26.6,1.0,0
PQGGYQ,24.7,-55.3,2.5,5.0,88.0,22.3,-13.5,-49.8,62.5,-39.8,2.5,0
PQIVYK,-18.4,-52.7,3.7,5.6,69.3,38.8,-8.3,-90.2,76.5,-62.5,0.3,0
PQSQGM,20.0,-48.3,-1.8,-5.4,76.2,35.2,-15.3,-59.4,81.2,-50.8,7.7,0
PQYGGG,23.5,-45.8,-1.6,-4.6,79.8,17.2,-10.7,-43.1,60.5,-36.6,7.7,0
PSDIEV,26.3,-48.3,8.8,16.3,71.5,19.9,-4.9,-65.8,76.9,-49.1,0.2,0
PSGNNQ,28.7,-48.6,2.9,5.1,75.9,22.5,-22.4,-44.9,78.5,-40.5,0.1,0
PTEKDE,25.7,-43.0,-0.5,-6.9,66.6,31.6,-20.1,-54.3,95.9,-46.2,1.6,0
PTKVEE,1.1,-44.6,-2.8,-7.4,65.6,33.4,-20.2,-66.0,93.0,-52.0,0.9,0
PTRCCP,15.4,-38.7,-3.2,-5.7,63.0,24.3,-7.6,-47.6,65.2,-40.9,5.1,0
PTREPT,32.5,-41.3,-2.3,-12.9,80.3,28.5,-10.6,-53.5,83.4,-46.4,4.6,0
PTVIIE,-18.2,-51.0,6.6,9.4,62.4,25.7,0.0,-92.2,81.0,-61.3,0.7,0
PVKKEE,9.0,-43.9,-5.1,-15.1,68.7,37.7,-3.0,-74.4,99.3,-56.5,0.5,0
PVQTEE,19.0,-44.1,-0.9,-1.3,67.4,30.7,-19.2,-55.6,86.8,-47.3,0.5,0
PYGQQS,17.4,-39.7,-1.1,-1.2,72.2,28.6,-15.7,-46.3,56.7,-38.6,1.0,0
QAALQS,4.5,-50.4,1.8,3.7,82.9,26.6,-11.4,-69.0,70.5,-50.7,0.1,0
QAAPKP,29.2,-30.8,1.3,3.3,89.3,14.2,-1.9,-75.5,69.2,-51.9,11.9,0
QAGFQP,12.4,-40.9,-0.9,-1.6,73.6,26.9,-7.4,-57.0,61.4,-44.5,1.2,0
QANKHI,13.1,-46.0,-2.0,-4.5,74.3,39.4,-19.5,-67.0,90.9,-55.7,0.6,1
QAQNQW,15.4,-56.0,3.3,7.3,84.2,51.0,-35.0,-79.8,109.6,-70.7,1.1,0
QAQPAG,37.4,-40.8,2.8,6.9,92.3,15.2,-5.4,-56.3,53.1,-41.0,10.1,0
QATVYV,-5.1,-52.1,1.8,4.4,74.1,28.0,-9.9,-87.7,89.8,-63.6,8.4,1
QAYNAQ,3.4,-38.5,-1.1,-1.3,74.2,25.7,-20.0,-56.8,65.8,-47.1,1.6,0
QEMRHF,-10.5,-48.1,-1.9,-16.7,78.2,52.5,-16.8,-88.3,93.7,-69.1,3.4,1
QFFLQF,-53.9,-51.1,3.2,-2.1,74.1,45.0,-7.7,-119.2,79.4,-79.0,2.7,1
QFGGGN,28.0,-45.3,-1.8,-4.4,82.6,23.1,-11.8,-42.1,56.0,-35.6,6.6,0
QFNPQG,20.8,-43.6,3.5,5.2,87.0,30.8,-18.2,-68.2,61.2,-52.2,14.4,0
QGFNNQ,3.9,-49.9,2.5,5.7,80.6,41.1,-40.8,-76.0,95.2,-63.8,9.2,0
QGGRGN,37.7,-46.6,-1.6,-2.9,73.0,14.9,-11.5,-20.1,48.8,-20.6,3.5,0
QGGYQQ,22.7,-47.6,3.5,4.9,82.3,27.2,-20.6,-46.5,56.5,-38.0,0.5,0
QGMSLN,-6.7,-40.5,-1.1,-1.5,69.6,35.2,-6.4,-69.9,56.4,-50.0,0.7,0
QGNNQQ,23.9,-49.0,2.4,3.7,79.9,44.2,-49.2,-57.1,100.7,-57.0,4.9,0
QGNNRY,-10.6,-46.9,2.8,1.8,73.9,35.0,-47.3,-75.8,113.7,-70.7,0.6,0
QGVCFR,3.0,-48.5,3.3,0.1,80.4,30.2,-6.0,-76.0,73.4,-56.6,2.7,1
QGYQAG,10.8,-43.4,-0.6,-1.9,70.1,19.2,-11.8,-44.8,58.1,-37.0,1.7,0
QGYQAY,-1.3,-54.0,-1.9,-5.1,81.2,37.0,-25.3,-59.9,75.1,-50.3,0.6,0
QGYSGY,15.7,-39.3,-1.1,-3.5,74.0,27.5,-18.1,-45.4,55.3,-39.2,4.0,0
QHGGGN,36.3,-51.2,-2.4,-4.6,83.4,23.0,-17.4,-25.2,53.5,-25.3,1.2,0
QIGIIK,-25.3,-50.2,3.3,6.0,68.1,36.5,-4.0,-102.3,78.6,-65.6,3.0,0
QILLWS,-36.3,-52.2,3.5,5.3,72.9,45.8,-8.5,-117.6,83.3,-77.3,1.3,1
QKQAAP,18.1,-43.7,-0.7,0.4,69.1,29.4,-12.7,-56.7,76.5,-46.7,2.2,0
QKQQKQ,9.0,-55.7,4.2,6.2,74.4,75.0,-53.4,-85.1,113.1,-70.6,0.3,0
QLENYC,-12.7,-52.4,4.8,6.0,76.1,42.7,-23.7,-86.6,85.1,-65.2,0.5,1
QLFINF,-52.6,-49.5,3.5,2.0,68.6,47.9,-10.5,-119.4,79.3,-78.1,3.3,1
QLFINN,-37.6,-49.6,3.5,5.2,68.7,48.8,-22.3,-105.7,83.4,-72.8,2.9,0
QLFLQI,-40.7,-51.6,2.3,6.7,74.9,48.8,-7.5,-128.7,84.3,-81.0,7.7,1
QNGNQQ,19.1,-50.7,3.5,5.2,75.9,35.2,-41.8,-46.8,81.7,-45.7,0.7,0
QNLLWQ,-26.5,-53.4,3.2,4.8,78.0,53.7,-31.0,-100.0,88.5,-72.6,1.5,1
QNQSCP,16.1,-38.6,-2.1,-4.2,71.5,31.7,-21.3,-49.1,73.2,-46.2,0.3,0
QNQSGP,27.7,-42.9,-1.5,-2.7,70.6,25.5,-19.5,-31.6,61.3,-31.8,0.1,0
QNQYNS,0.8,-45.9,-2.1,-4.7,73.8,45.5,-39.7,-63.3,93.5,-59.0,2.0,0
QNSLNM,-13.4,-52.7,3.4,6.0,74.6,42.6,-25.1,-88.5,92.4,-68.1,1.6,0
QNYQGY,1.7,-49.5,3.2,-4.3,78.6,48.0,-36.0,-75.4,99.9,-65.1,0.6,0
QNYQQY,-9.1,-45.9,-1.7,-5.6,71.7,52.5,-42.9,-81.2,105.0,-70.0,6.8,0
QPAGGY,52.7,-38.9,2.3,3.2,105.5,15.7,-8.5,-50.1,52.9,-37.8,8.0,0
QPKIVK,3.7,-45.5,4.4,6.3,83.0,41.4,-11.0,-93.7,81.5,-64.1,1.0,0
QPMINL,-9.8,-41.8,2.3,6.2,89.2,40.9,-8.5,-114.9,80.1,-73.9,9.5,0
QPQSQG,38.3,-32.4,-2.1,-4.2,74.6,24.9,-10.7,-40.1,57.4,-35.7,6.2,0
QQFNPQ,11.6,-43.6,-2.1,-4.1,86.1,46.3,-28.1,-80.6,82.1,-64.5,18.4,0
QQGGYQ,23.3,-52.3,2.5,5.2,87.9,25.6,-13.8,-54.9,65.8,-43.6,0.7,0
QQGNNR,24.4,-51.2,4.1,2.7,78.7,40.2,-36.0,-53.5,88.6,-51.1,0.8,0
QQIVYK,-20.6,-50.9,3.0,5.7,67.7,43.0,-13.0,-104.5,90.8,-72.6,1.2,1
QQKQAA,11.9,-58.0,-2.7,-3.9,74.6,31.4,-17.7,-43.7,69.3,-37.9,0.2,0
QQNQSC,17.4,-60.1,-1.9,-3.3,72.6,41.0,-29.0,-37.6,73.8,-38.8,0.1,0
QQNQSG,15.0,-48.9,-2.1,-4.2,71.1,36.2,-25.2,-42.3,73.0,-43.0,0.1,0
QQNQYN,4.6,-52.6,3.3,6.2,70.4,47.4,-38.7,-75.4,107.2,-67.3,1.3,0
QQNTSF,-3.3,-60.4,3.2,2.3,71.6,38.5,-19.9,-76.8,98.1,-63.9,0.5,0
QQNYQQ,0.7,-45.3,-2.1,-5.1,74.0,56.2,-38.1,-74.7,98.7,-64.9,1.2,0
QQNYSK,5.3,-47.0,-2.1,-4.6,74.5,48.9,-33.3,-64.2,89.1,-57.4,1.0,0
QQQFNP,-9.4,-40.2,-2.1,-4.9,67.9,41.8,-16.6,-80.1,88.2,-64.4,0.3,0
QQQGNN,23.9,-49.5,3.8,5.7,78.4,37.3,-43.1,-47.4,85.3,-46.8,0.1,0
QQQSYG,4.4,-55.2,-1.9,-4.0,72.2,39.5,-33.3,-42.6,67.7,-39.3,0.6,0
QQQSYN,6.0,-40.4,-1.1,-0.9,64.5,46.6,-33.4,-54.9,74.0,-49.6,0.7,0
QQQYNP,-6.9,-39.4,-2.1,-4.9,69.0,45.6,-28.4,-78.8,92.8,-65.5,3.6,0
QQSLFQ,-15.6,-58.2,3.5,5.4,75.0,55.0,-34.8,-89.5,97.1,-71.7,1.2,1
QQSYGQ,14.9,-39.5,-1.1,-1.2,71.1,37.3,-30.3,-41.9,56.9,-37.9,0.6,0
QQSYNP,2.1,-40.2,-2.1,-4.6,70.6,39.4,-24.3,-66.1,86.3,-57.7,0.4,0
QQSYSG,8.4,-53.7,3.5,5.5,72.3,37.2,-25.6,-59.3,80.8,-54.3,0.7,0
QQYNPD,16.3,-43.6,-2.5,-5.9,87.4,45.3,-34.8,-68.9,85.7,-57.6,9.4,0
QQYNPQ,17.0,-43.9,-2.1,-4.2,87.3,47.8,-28.8,-71.8,82.3,-59.7,8.2,0
QQYSQN,4.8,-42.1,-1.1,-1.2,68.3,42.7,-31.3,-64.0,81.1,-56.0,7.1,0
QRGFGN,22.1,-58.5,-3.5,-4.8,90.7,31.6,-20.5,-45.1,68.4,-38.8,1.1,0
QSCPSG,41.2,-38.7,3.4,5.8,86.5,16.3,-4.8,-38.5,48.5,-33.3,3.2,0
QSGFGN,21.4,-48.6,2.3,6.1,88.7,23.7,-25.0,-54.5,69.3,-47.3,6.1,0
QSQGMS,15.6,-56.3,-1.9,-3.1,78.6,32.1,-16.0,-41.5,59.0,-35.8,0.2,0
QSSWGM,18.0,-48.7,2.5,4.3,80.0,30.3,-12.8,-61.9,73.7,-51.9,2.0,0
QSSYSS,19.0,-58.9,-1.9,-3.1,72.5,28.7,-21.2,-30.6,65.6,-33.3,1.1,0
QSYGQQ,8.0,-39.6,-1.1,-1.4,69.1,36.0,-27.1,-56.5,71.6,-49.3,4.4,0
QSYNPP,22.0,-32.8,-1.1,-1.5,82.0,32.0,-21.7,-67.9,69.8,-54.5,17.6,0
QSYSGY,6.9,-56.4,-1.9,-5.4,79.5,32.6,-25.9,-45.7,72.4,-43.0,0.4,0
QTDARN,13.1,-42.6,-2.0,-11.6,69.0,31.0,-24.8,-43.9,76.1,-40.4,0.3,0
QTEEKK,20.4,-45.5,0.0,-10.6,72.8,55.6,-36.6,-65.4,100.2,-54.0,1.2,0
QTFLVN,-18.0,-52.0,2.3,6.5,67.4,40.0,-20.7,-90.6,92.2,-67.4,0.9,1
QTFNLF,-24.0,-59.3,-1.9,-5.6,78.4,40.1,-12.8,-91.1,89.7,-68.3,3.1,0
QTNLYG,-12.7,-48.9,2.4,4.2,70.0,38.1,-20.7,-81.0,77.9,-59.7,3.2,0
QTVIIE,-24.6,-52.1,3.7,-10.0,66.1,42.9,-11.5,-97.0,187.5,-71.7,10.8,1
QVGFGN,9.1,-54.5,3.2,5.0,84.6,22.5,-10.8,-68.2,65.2,-49.6,7.3,0
QVVHIG,-25.1,-54.4,2.8,3.2,64.8,31.8,-7.7,-88.9,76.4,-61.5,4.4,0
QVVPIG,2.1,-45.7,2.0,4.6,78.6,31.3,-5.6,-97.6,85.4,-65.1,13.7,0
QWNGKN,8.9,-45.1,-1.4,-4.6,79.7,32.2,-11.3,-66.5,77.5,-53.7,1.1,0
QYFEQF,-10.4,-50.8,5.9,4.9,77.1,51.4,-21.7,-102.0,97.6,-77.8,2.9,1
QYGGGG,25.6,-44.9,-1.8,-3.8,81.7,12.3,-3.6,-33.9,43.8,-29.1,4.9,0
QYGGGN,28.8,-45.4,-1.8,-4.5,82.9,23.4,-15.3,-40.1,58.2,-35.3,6.5,0
QYGGNA,24.2,-48.2,2.3,6.1,84.0,20.8,-14.4,-47.7,57.9,-39.2,2.0,1
QYGGNN,27.8,-50.5,3.1,7.8,91.1,28.5,-33.4,-49.9,77.1,-46.2,0.2,1
QYNNSN,9.2,-62.9,3.2,5.9,77.8,35.5,-40.5,-62.4,102.7,-59.4,4.4,0
QYNPDA,31.6,-32.8,-2.1,-2.1,86.4,33.5,-31.2,-56.5,70.3,-47.4,12.9,0
QYNPQG,25.1,-32.7,-1.1,-1.0,81.0,35.9,-25.5,-60.9,66.2,-50.6,13.2,0
QYSQNG,3.2,-46.0,-2.1,-4.1,71.6,35.9,-28.2,-51.8,74.9,-48.3,1.0,0
RATVYV,-4.0,-43.8,-3.5,-6.2,67.1,22.7,-0.4,-66.8,75.8,-51.8,0.9,1
REPTKV,28.5,-31.9,-5.9,-19.3,84.1,42.0,-18.5,-76.9,100.7,-60.3,11.6,0
RETWFF,-16.7,-52.4,0.9,-13.2,73.6,41.4,-4.0,-109.3,117.8,-82.9,2.8,0
RGFFYT,-21.2,-44.0,-3.8,-6.1,75.8,39.2,-19.5,-85.7,82.8,-65.0,2.9,0
RGFGNS,17.9,-45.3,-3.5,-5.4,79.3,23.3,-14.8,-37.9,54.2,-34.0,0.7,0
RGGFNK,20.5,-48.4,7.6,4.5,85.4,24.1,-10.1,-61.5,62.6,-47.2,2.6,0
RGNYKN,9.6,-43.8,-2.4,-4.9,75.2,38.7,-28.6,-57.9,81.4,-50.3,0.6,0
RIGIAQ,-4.6,-49.2,6.6,3.0,76.3,31.3,-4.3,-84.0,70.5,-56.3,0.2,0
RLSNNI,-1.5,-49.4,5.4,3.8,77.0,43.1,-28.8,-89.3,103.6,-69.2,0.4,0
RLVFID,-54.2,-45.4,-8.0,-17.4,66.1,45.7,-9.3,-107.9,87.7,-74.2,2.2,0
RMFNII,-21.3,-51.6,-3.7,-6.3,77.2,42.7,-3.0,-105.8,93.7,-75.2,5.3,0
RNLTKD,-9.0,-44.8,-7.3,-16.7,68.3,46.0,-27.7,-67.1,94.7,-56.3,0.2,0
RQFNQT,-2.3,-48.0,-3.6,-6.0,74.6,54.1,-33.9,-77.3,96.0,-65.7,3.8,0
RQIVYK,-20.7,-45.7,-2.2,-5.1,68.0,46.8,-11.5,-98.2,90.5,-71.2,4.9,0
RQNQSG,11.0,-46.0,-3.8,-6.1,70.5,36.1,-25.5,-43.5,71.1,-42.9,0.1,0
RQVLIF,-48.2,-55.6,-0.8,-15.6,68.4,46.5,-5.4,-120.6,109.9,-81.9,5.3,1
RTPKIQ,2.3,-42.7,3.1,3.4,79.7,36.3,-8.4,-87.8,77.8,-60.7,0.5,0
RTVIIE,-30.8,-51.9,-6.0,-14.2,65.6,45.2,-17.2,-86.3,92.7,-62.2,1.0,1
RVAFFE,-15.1,-44.0,-7.6,-15.3,74.2,40.9,-6.4,-85.5,82.0,-63.0,4.4,0
RVFNIM,-23.6,-52.4,5.0,6.9,72.3,41.0,-7.9,-116.7,109.1,-85.7,0.6,1
RVNHVT,-1.6,-46.9,-3.8,-6.6,64.9,36.3,-18.9,-66.3,91.1,-56.0,0.7,0
RVNNNA,3.6,-47.4,-3.4,-5.8,70.6,32.5,-32.5,-53.0,91.7,-52.3,0.8,0
RYQGYQ,-1.6,-53.8,3.2,7.5,77.9,45.2,-28.8,-85.1,100.1,-70.8,1.4,0
SAETKE,17.0,-44.2,-0.4,-9.3,71.5,35.2,-29.6,-62.1,102.5,-53.3,5.1,0
SALALQ,-5.7,-50.7,2.5,6.6,81.2,26.7,-5.8,-80.4,66.8,-53.2,0.4,1
SASNAG,22.4,-51.4,-2.0,-4.2,76.7,11.9,-11.1,-24.3,46.8,-24.7,4.2,0
SATLDQ,10.8,-50.0,-0.4,1.7,70.8,25.1,-17.4,-46.8,63.9,-37.2,0.3,0
SATVYV,-3.5,-51.9,1.8,4.4,73.6,20.9,-3.5,-81.2,80.1,-57.7,8.3,1
SAVIIE,-18.2,-46.5,-1.7,-3.9,67.3,26.4,-7.4,-71.2,67.6,-50.7,0.3,1
SCNNNN,2.7,-54.0,3.1,4.7,74.4,33.9,-60.9,-47.9,101.7,-54.9,1.9,0
SCPSGN,45.8,-41.7,-1.8,-4.0,92.5,19.1,-8.8,-34.1,52.3,-31.8,4.0,0
SDKKEE,17.5,-48.0,-1.0,-11.4,74.5,34.7,-20.4,-50.3,78.9,-42.6,0.5,0
SDLSFS,1.5,-41.6,0.3,-3.1,71.5,28.9,-14.4,-60.8,64.3,-46.3,2.4,0
SDLTIT,-8.8,-49.2,3.2,4.2,63.5,25.6,-2.6,-78.0,77.6,-55.2,0.8,0
SDNNTI,20.3,-52.5,3.7,6.2,73.0,28.7,-36.1,-59.0,108.6,-56.5,0.7,0
SDSNQG,17.2,-50.6,-0.1,-3.7,76.0,25.0,-32.9,-22.7,48.4,-24.1,0.0,0
SDVIIE,-11.9,-50.6,7.5,9.8,63.4,28.0,-4.7,-86.6,77.2,-58.3,0.3,1
SELNIY,-24.7,-52.7,3.7,1.3,79.0,42.4,-18.5,-103.3,97.6,-75.9,1.1,1
SELPKV,17.7,-45.0,2.6,3.1,91.4,30.7,-6.1,-81.4,71.9,-55.1,4.3,0
SEMTVK,-10.8,-52.1,3.1,5.4,71.0,34.1,-11.0,-83.2,78.5,-60.5,2.1,0
SEVIIE,-15.7,-50.8,7.5,10.7,65.3,29.8,-4.7,-90.5,74.7,-59.9,0.3,1
SFFFIQ,-32.4,-52.7,3.3,7.9,71.6,41.2,-6.4,-110.8,76.9,-76.3,6.6,1
SFLIFL,-56.3,-52.4,3.2,5.7,74.0,39.9,0.0,-124.4,72.0,-77.3,1.9,1
SFQIYA,-31.7,-49.9,3.4,7.3,72.5,41.5,-19.0,-100.1,78.1,-70.5,4.6,1
SFVIIE,-37.3,-51.9,-1.5,-4.3,66.4,34.5,-1.8,-97.9,75.0,-64.5,3.0,1
SGAAIG,15.6,-49.2,-2.0,-4.2,76.5,7.8,-5.3,-29.8,39.9,-24.3,5.9,0
SGDHCI,22.4,-50.8,-2.6,-10.5,76.8,22.2,-15.1,-36.4,71.9,-35.3,0.0,0
SGFGNS,18.2,-41.3,-1.1,-0.9,72.7,17.1,-10.5,-36.6,42.0,-30.4,6.4,0
SGFHPS,12.4,-43.5,-2.1,-4.2,90.4,26.4,-15.4,-54.1,57.7,-44.2,0.1,0
SGIKLA,-11.3,-49.7,2.6,3.9,77.1,27.0,-2.0,-83.0,62.0,-54.6,3.9,0
SGSGFN,22.6,-41.8,-1.1,-0.8,70.7,16.4,-8.8,-30.3,41.6,-27.6,3.5,0
SGSNSG,23.7,-46.7,-1.9,-4.0,67.7,17.5,-16.5,-17.4,43.7,-21.3,2.6,0
SGVIIE,-8.3,-47.1,-1.7,-3.8,69.5,25.2,-7.5,-62.7,64.3,-46.0,0.3,1
SGYQQG,9.0,-51.1,-1.9,-2.8,77.0,28.1,-15.3,-44.9,55.5,-37.9,1.5,0
SHLVEA,-7.3,-52.1,-3.9,-8.6,68.9,28.5,-3.6,-67.8,77.6,-50.0,0.2,0
SHVIIE,-20.4,-52.7,-2.9,-5.6,64.7,34.0,-4.2,-82.3,82.9,-58.4,1.2,0
SIDLTQ,-10.1,-63.1,5.3,8.9,68.4,35.8,-14.0,-83.8,89.5,-59.7,0.2,0
SIEDSV,37.1,-37.4,1.5,4.2,64.6,16.3,-6.2,-32.9,56.1,-29.6,0.1,0
SINPAM,7.9,-40.6,2.3,6.3,87.7,30.0,-8.4,-91.6,68.9,-61.1,12.3,0
SIVIIE,-42.0,-48.3,-1.6,-4.0,62.3,34.4,-4.8,-96.0,74.0,-63.0,3.2,1
SKVIIE,-29.1,-48.7,-3.3,-5.6,64.5,37.0,-3.9,-90.5,80.1,-61.6,0.5,0
SLNDFQ,-5.4,-47.7,-1.0,-3.0,75.5,41.1,-32.2,-75.9,97.1,-60.6,0.5,0
SLSGDH,20.4,-42.7,-3.0,-2.8,70.2,20.6,-17.4,-34.1,57.7,-30.9,0.5,0
SLVIIE,-39.4,-47.0,-1.4,-3.7,62.6,37.2,-7.5,-98.5,72.5,-64.0,2.4,1
SLYQLE,-32.2,-47.0,-1.5,-5.2,72.2,47.8,-22.0,-95.3,84.3,-68.2,1.0,0
SMVIIE,-35.9,-52.1,-1.8,-2.9,65.4,36.8,-1.8,-96.3,74.9,-63.5,1.9,1
SMVLFS,-31.5,-48.5,-2.1,-4.7,72.0,39.6,-9.5,-96.3,76.1,-66.9,5.2,1
SNAGSG,20.4,-50.8,-2.0,-4.2,77.1,12.7,-13.6,-19.2,38.8,-20.3,1.7,0
SNGIVI,-1.3,-49.1,3.4,6.7,72.8,25.3,-10.1,-77.7,79.4,-55.0,0.4,0
SNMGGG,17.5,-48.8,3.1,4.7,87.1,22.2,-13.4,-48.4,50.0,-39.4,0.2,0
SNNFGA,11.7,-44.2,-1.5,-2.4,74.9,22.6,-17.6,-42.6,58.3,-38.2,0.9,0
SNNSNI,12.0,-51.3,2.3,6.4,74.1,33.4,-37.2,-55.1,87.4,-49.9,0.6,0
SNQGNN,26.2,-57.5,3.0,5.6,85.6,31.6,-38.3,-46.0,88.5,-46.4,0.0,0
SNQNNF,-14.5,-53.3,3.8,3.4,77.5,46.9,-58.3,-71.8,101.5,-65.3,1.1,1
SNSGAA,19.3,-52.7,-2.0,-4.2,77.7,11.3,-11.4,-22.4,44.6,-22.9,1.2,0
SNTNNT,11.5,-55.8,4.0,5.4,69.6,30.9,-51.9,-38.4,82.1,-41.8,5.5,0
SNVIIE,-19.2,-54.5,6.6,10.6,65.1,30.4,-9.3,-90.5,79.0,-61.9,0.6,1
SPVIIE,-7.2,-38.0,-1.7,-4.4,69.4,29.3,-6.2,-80.2,69.1,-55.1,7.9,0
SQAIIH,-6.6,-52.8,1.6,3.2,74.2,26.6,-5.8,-78.6,77.5,-54.9,0.3,1
SQFYIT,-15.6,-48.9,-2.1,-4.1,71.9,43.7,-19.1,-91.7,90.3,-70.7,10.2,1
SQGMSL,3.6,-48.0,3.4,5.9,78.0,34.9,-5.5,-81.4,73.6,-58.8,0.3,0
SQIVYK,-24.1,-48.8,-2.0,-4.6,68.0,41.6,-12.6,-89.7,83.8,-66.5,4.2,1
SQNGNQ,24.2,-51.9,3.1,4.7,78.6,27.0,-35.5,-41.6,82.0,-44.2,1.3,0
SQQNQS,11.9,-55.6,3.5,5.2,74.1,43.6,-38.6,-54.5,85.3,-51.7,0.5,0
SQVIIE,-24.2,-48.1,-1.5,-4.0,64.5,35.3,-4.8,-85.3,77.6,-60.0,0.4,1
SRHPAE,29.3,-46.6,-5.5,-8.7,89.6,30.8,-24.4,-46.5,61.7,-39.2,13.0,0
SRQNQS,10.4,-55.7,-3.1,-4.7,77.1,35.2,-32.6,-36.8,63.4,-36.0,0.3,0
SRVIIE,-29.6,-54.5,-6.9,-15.7,67.2,50.0,-13.3,-85.3,88.4,-62.2,0.7,0
SSGIKL,-3.2,-49.0,2.0,4.8,78.0,27.2,-2.6,-79.0,67.0,-53.5,1.0,0
SSIDLT,-4.4,-42.1,-1.5,-1.5,68.4,27.0,-13.5,-59.3,60.1,-43.5,1.0,0
SSNNFG,8.9,-47.7,-2.1,-4.0,75.0,25.7,-18.4,-44.8,67.0,-43.0,0.3,1
SSNNNS,16.8,-52.7,3.1,4.7,71.7,28.2,-45.7,-38.6,90.8,-47.3,2.0,0
SSQVTQ,2.5,-65.6,2.0,4.1,70.0,37.3,-34.7,-57.5,98.2,-53.7,0.2,1
SSSGIK,16.4,-52.7,-1.6,-3.7,68.9,22.3,-15.4,-35.8,65.0,-34.3,3.2,0
SSTNVG,11.6,-47.5,3.6,5.4,67.6,19.2,-15.1,-43.5,57.4,-36.5,0.0,1
SSTSAA,17.9,-45.2,-1.1,-1.4,64.2,16.2,-18.3,-19.0,43.1,-21.4,0.4,1
SSVIIE,-14.2,-53.2,-1.3,-2.3,65.2,27.9,-6.5,-66.2,68.6,-47.5,0.1,1
SSVNVT,6.3,-50.5,2.5,6.5,68.9,19.9,-12.2,-55.5,68.5,-43.0,0.0,0
SSWGMM,-1.2,-51.9,-2.0,-5.1,78.2,30.3,-6.7,-73.9,84.5,-60.6,5.2,0
SSYSSY,0.0,-54.4,-1.9,-5.2,70.9,32.8,-25.8,-45.9,73.1,-45.0,1.2,0
STADWE,19.9,-35.4,-0.6,1.1,64.5,21.8,-17.3,-47.7,69.3,-41.1,4.6,0
STAIIE,-9.5,-49.5,6.1,10.0,64.4,27.5,-10.7,-82.7,78.1,-57.0,3.1,0
STDIIE,2.6,-45.2,1.3,-0.8,64.4,29.4,-11.1,-66.6,81.8,-51.3,0.1,0
STEIIE,-3.6,-52.3,8.5,13.2,66.8,37.9,-15.6,-90.4,88.0,-63.0,1.7,1
STFIFE,-29.8,-54.1,-1.5,-5.0,71.4,34.9,-5.1,-90.3,78.3,-63.3,2.4,1
STFIIE,-28.1,-54.1,-1.7,-3.8,69.4,35.8,-7.1,-89.2,76.2,-61.0,2.0,1
STFLIE,-27.5,-53.9,-1.7,-3.3,71.0,36.0,-8.3,-88.4,74.1,-60.2,0.7,1
STFTFE,-11.6,-44.6,-1.9,-5.5,71.0,29.1,-17.2,-73.4,84.2,-58.1,2.4,1
STFTIE,-8.2,-54.2,-1.4,-3.9,67.6,33.9,-14.7,-70.5,78.4,-53.1,3.8,0
STGIIE,-5.5,-49.2,6.1,10.1,66.3,27.5,-11.7,-77.0,75.4,-53.7,0.1,0
STHIIE,-13.5,-58.3,-3.6,-6.8,69.2,35.9,-10.9,-75.7,84.1,-55.7,2.9,0
STIIIE,-26.2,-53.8,-1.5,-2.6,67.1,33.2,-5.0,-82.3,72.6,-55.2,0.1,0
STKIIE,-18.5,-51.9,6.5,10.6,65.5,43.7,-18.5,-98.2,86.9,-66.7,2.0,0
STLIFE,-28.6,-50.6,3.7,-10.5,72.6,46.4,-8.1,-99.9,174.2,-71.8,10.8,0
STLIIE,-30.0,-53.8,-1.5,-2.5,68.7,34.7,-5.0,-86.2,69.9,-56.1,0.2,1
STLIYE,-24.8,-47.5,-1.6,-5.6,67.9,39.7,-14.7,-89.7,85.8,-64.4,2.2,0
STLLIE,-27.8,-53.8,-1.4,-2.5,70.4,34.2,-5.2,-86.0,69.0,-55.7,1.1,0
STLLYE,-23.8,-50.4,3.7,-10.7,74.3,47.3,-7.1,-99.8,177.7,-72.6,11.8,0
STLTFE,-9.8,-54.3,-1.5,-4.4,70.0,32.5,-9.6,-67.6,73.6,-50.2,0.5,0
STLTIE,-13.7,-54.9,-1.4,-2.3,67.5,31.9,-9.6,-69.1,71.0,-48.9,0.6,0
STMIIE,-27.9,-53.7,-1.5,-2.6,71.5,37.0,-5.1,-87.4,70.1,-58.6,0.6,0
STMSIT,-5.4,-45.0,-1.1,-1.5,67.8,32.0,-15.1,-62.2,61.6,-48.1,5.4,1
STNIFE,-9.6,-50.7,3.7,-10.6,73.4,45.5,-15.1,-84.5,178.6,-65.9,11.1,0
STNIIE,-8.7,-46.5,-1.5,-3.7,65.3,31.4,-8.7,-71.5,80.5,-54.9,0.1,1
STNIYE,-11.1,-45.8,-1.9,-4.5,68.6,37.2,-19.3,-76.2,84.6,-60.1,3.1,0
STNNTN,14.9,-61.3,2.0,4.4,72.2,29.1,-37.1,-44.0,95.3,-46.1,0.0,0
STNSNT,16.8,-47.5,-2.1,-4.2,72.3,28.9,-32.6,-33.3,69.4,-35.8,0.3,0
STNTFE,4.1,-53.9,-2.4,-5.0,71.8,31.8,-24.6,-49.4,74.6,-44.9,1.8,0
STNTIE,4.8,-46.6,-1.7,-3.9,65.8,26.8,-13.0,-54.9,77.1,-46.5,0.2,0
STPIIE,14.4,-40.3,7.8,11.8,77.2,26.4,-1.5,-84.9,68.9,-56.5,2.0,0
STQIFE,-15.6,-50.9,6.0,9.8,69.5,41.7,-19.8,-92.9,83.4,-66.4,2.4,0
STQIIE,-14.3,-51.5,6.0,9.9,64.7,43.2,-19.0,-94.2,89.3,-66.1,1.7,1
STQIYE,-17.4,-49.9,5.9,10.4,68.3,45.5,-28.1,-93.0,86.8,-67.7,3.2,0
STRIIE,-19.2,-53.8,-5.2,-12.7,69.6,42.6,-11.8,-78.2,86.6,-58.9,0.3,0
STSIIE,-12.3,-53.0,6.0,10.0,61.9,34.1,-17.3,-81.6,84.7,-59.4,1.4,1
STTIIE,-13.7,-50.3,3.7,-10.1,64.9,41.6,-8.5,-85.2,180.9,-64.5,11.1,0
STTVVT,-1.9,-48.7,-2.1,-4.2,61.5,22.8,-11.1,-51.1,70.8,-42.4,0.0,0
STVAIE,-0.6,-51.3,6.6,10.8,69.2,17.6,-0.4,-73.0,66.5,-50.0,1.3,0
STVDIE,8.2,-36.9,-0.8,0.5,59.2,22.9,-19.9,-42.4,58.7,-34.9,0.6,0
STVEIE,5.1,-45.0,-0.4,-0.9,66.1,25.2,-6.8,-60.4,72.4,-46.4,0.2,1
STVFIE,-22.3,-53.6,6.6,8.5,65.7,28.7,-2.6,-93.5,77.5,-63.6,1.7,1
STVGIE,4.1,-50.3,6.7,10.7,71.4,16.7,0.0,-67.7,60.5,-45.8,0.5,0
STVHIE,-13.8,-58.1,4.6,3.0,67.2,28.0,-8.4,-83.1,86.5,-59.6,1.1,0
STVIAE,-4.1,-45.8,-1.6,-4.8,73.0,26.3,-9.1,-76.7,80.5,-55.8,8.1,0
STVIDE,1.5,-50.3,-2.0,-1.4,68.9,25.1,-20.4,-50.0,68.2,-40.6,0.3,0
STVIEE,-3.1,-51.2,-1.7,-2.4,68.2,25.2,-13.4,-54.5,65.2,-42.5,0.2,0
STVIFE,-20.1,-45.1,-1.9,-5.7,63.8,31.0,-7.8,-80.2,80.0,-58.1,2.9,1
STVIGE,3.2,-47.8,-1.5,-2.7,64.1,21.3,-10.0,-43.0,56.4,-35.1,0.1,0
STVIHE,-12.5,-54.9,-2.4,-8.8,67.1,33.9,-14.6,-70.6,84.4,-53.6,3.2,0
STVIIA,-27.9,-52.8,2.5,5.9,63.1,22.3,0.0,-84.1,68.7,-55.9,0.4,1
STVIID,-18.2,-45.5,-2.4,-5.2,62.5,29.2,-8.9,-72.8,75.0,-52.9,0.4,1
STVIIE,-20.9,-53.3,-1.5,-2.5,64.9,30.1,-6.3,-74.4,71.3,-51.3,0.4,1
STVIIF,-40.3,-53.6,2.5,3.9,63.7,30.0,0.0,-101.6,78.5,-66.7,0.9,1
STVIIG,-30.2,-52.8,2.5,5.9,62.6,22.2,0.0,-81.9,63.1,-54.1,0.4,1
STVIIH,-27.3,-55.5,1.7,5.3,64.0,29.2,-2.3,-93.2,82.8,-63.7,0.7,0
STVIII,-32.2,-53.5,3.4,8.5,64.9,35.3,-4.1,-106.6,83.8,-68.4,1.0,1
STVIIK,-32.6,-53.2,2.2,6.0,63.1,27.8,0.0,-93.2,73.4,-61.2,0.5,0
STVIIL,-36.7,-53.7,2.5,6.8,63.8,27.9,0.0,-99.6,76.8,-64.3,0.6,1
STVIIM,-37.3,-54.2,-1.9,-3.2,65.7,35.0,-4.0,-90.3,72.9,-59.9,0.3,1
STVIIN,-29.8,-53.2,2.5,6.3,63.2,30.0,-10.1,-88.5,78.1,-60.7,0.5,1
STVIIP,-26.4,-38.8,-1.7,-2.5,55.0,25.5,-0.3,-83.5,66.5,-53.8,4.9,0
STVIIQ,-30.4,-54.4,2.5,6.2,64.1,28.5,-3.3,-90.1,73.9,-60.2,0.4,1
STVIIR,-34.2,-53.7,-1.0,-2.7,66.2,39.8,-25.9,-81.3,80.0,-58.1,0.3,0
STVIIS,-25.1,-52.8,2.5,6.0,63.0,24.5,-1.9,-83.7,70.9,-56.6,0.5,1
STVIIT,-23.4,-50.0,-1.7,-2.5,59.3,27.3,-4.6,-77.0,72.7,-52.3,3.2,1
STVIIV,-27.2,-52.7,3.4,8.0,64.0,29.9,-3.9,-95.6,79.6,-62.9,0.6,1
STVIIW,-33.5,-53.0,2.5,6.8,63.0,29.3,0.0,-99.0,78.1,-65.5,1.8,1
STVIIY,-39.7,-50.8,3.2,-4.2,63.5,33.8,-13.0,-98.0,91.3,-67.3,0.3,1
STVIKE,-15.1,-53.6,-2.3,-6.1,66.0,34.1,-9.6,-69.7,74.6,-50.0,0.3,0
STVIKT,-12.9,-52.3,-1.9,-4.7,65.8,29.5,-16.4,-58.6,67.6,-45.1,0.2,0
STVILE,-23.7,-53.9,-1.5,-2.5,67.2,29.5,-5.2,-74.8,66.9,-50.7,0.2,0
STVIME,-25.3,-53.6,-1.5,-2.4,69.6,32.2,-5.5,-79.1,66.0,-53.9,1.3,0
STVINE,-6.2,-50.3,3.7,-10.8,68.9,42.5,-16.9,-75.7,177.9,-60.7,10.6,0
STVIPE,3.3,-40.9,-1.6,-3.7,76.8,24.4,-3.9,-69.0,62.8,-49.0,5.3,0
STVIQE,-10.0,-52.3,-2.5,-5.3,67.1,30.2,-17.4,-56.3,66.8,-43.9,0.2,0
STVIRE,-20.6,-53.4,-2.6,-14.7,66.4,38.0,-17.3,-70.0,85.2,-54.7,0.8,0
STVISE,-5.7,-47.0,-1.7,-4.8,68.8,32.8,-19.6,-75.1,88.8,-58.0,8.3,0
STVITE,-8.1,-48.3,-1.6,-3.7,61.0,24.6,-6.8,-60.8,70.4,-47.2,0.2,0
STVIVE,-13.1,-47.0,-1.7,-4.0,60.7,25.7,-5.4,-67.1,74.1,-50.6,0.1,0
STVIWE,-15.3,-50.8,3.7,-10.8,71.6,43.5,-6.9,-90.1,178.9,-68.6,10.7,0
STVIYE,-17.8,-47.3,-1.6,-4.6,64.7,33.3,-16.5,-79.3,82.4,-59.7,8.7,1
STVKIE,-13.7,-52.1,5.4,6.0,64.8,27.5,-2.3,-82.1,71.8,-55.7,0.8,0
STVLIE,-20.8,-45.9,-1.7,-4.1,65.3,32.6,-8.4,-79.2,73.2,-55.8,1.7,1
STVMIE,-19.8,-53.0,-1.6,-2.6,69.1,33.5,-6.3,-79.2,72.6,-55.3,0.9,0
STVNIE,-6.7,-52.3,7.1,11.6,67.3,29.7,-19.7,-76.5,77.3,-55.0,1.3,1
STVPIE,18.0,-36.4,-1.0,-1.6,72.6,24.3,-7.7,-63.4,67.8,-44.7,6.2,0
STVQIE,-6.8,-47.5,-1.8,-4.1,65.1,29.7,-7.6,-65.2,73.0,-50.0,0.5,0
STVRIE,-12.4,-54.1,4.3,2.4,65.8,30.3,-5.1,-80.0,76.6,-56.6,1.3,0
STVSIE,0.0,-49.3,6.6,10.7,64.0,21.7,-6.7,-69.1,69.6,-49.4,0.2,0
STVTFE,-3.3,-51.7,-2.4,-5.1,65.0,26.9,-15.7,-51.8,67.0,-42.8,2.3,0
STVTIE,-5.5,-53.0,6.6,10.8,62.4,20.9,-0.8,-75.2,72.0,-52.6,1.2,1
STVVIE,-15.7,-46.5,-1.4,-3.7,61.2,26.2,-6.1,-68.7,73.1,-51.1,0.5,0
STVWIE,-16.3,-53.8,6.6,11.3,67.3,33.6,-13.3,-95.3,86.4,-66.8,3.5,1
STVYIE,-22.4,-53.3,6.6,9.4,65.8,30.2,-7.1,-91.8,76.8,-62.7,1.5,1
STWIFE,-15.6,-51.5,3.7,-11.3,75.9,47.3,-5.6,-101.0,184.8,-75.7,12.6,1
STWIIE,-15.2,-54.5,-1.9,-3.2,71.5,35.5,-5.5,-90.2,81.9,-63.3,8.7,1
STWIYE,-18.7,-54.0,-1.7,-4.7,74.2,39.5,-14.9,-88.7,86.8,-65.3,6.7,1
STWLIE,-17.1,-53.8,-2.0,-3.2,71.8,35.4,-5.7,-88.2,79.1,-61.4,6.1,1
STWTFE,-6.2,-54.4,-1.5,-6.0,71.2,32.6,-10.5,-75.1,85.9,-58.7,6.1,0
STWTIE,-2.6,-45.0,-1.7,-2.9,70.5,28.6,-11.9,-72.8,79.9,-57.7,3.9,0
STYIIE,-22.4,-48.6,-1.8,-6.0,67.6,42.4,-15.5,-91.3,86.9,-66.4,3.5,0
SVISLS,-11.3,-48.8,2.5,4.3,67.3,28.8,-7.9,-77.4,70.6,-54.7,1.5,0
SVNLDV,-11.5,-48.5,6.1,12.7,66.8,25.7,-10.1,-86.4,74.9,-57.5,1.0,1
SVNVTQ,-7.4,-51.7,3.1,6.1,65.6,27.3,-17.3,-65.3,73.3,-49.5,0.3,0
SVSSSY,-6.9,-48.2,2.3,3.5,69.3,19.4,-14.4,-62.2,73.6,-52.3,0.7,1
SVVIIE,-33.7,-47.3,-1.5,-3.8,62.1,30.3,-5.2,-87.2,71.1,-58.7,3.1,1
SWGMMG,-6.3,-51.8,2.6,4.6,84.1,31.4,-2.4,-84.0,70.0,-62.7,1.3,0
SWVIIE,-29.1,-52.0,-1.9,-3.0,68.2,36.9,-3.3,-101.9,82.4,-68.4,8.4,0
SYLCDL,-5.6,-38.3,-2.0,-1.0,72.0,31.3,-21.2,-64.7,62.9,-49.1,3.3,0
SYLYDL,-9.2,-49.8,-2.5,-3.5,76.1,34.4,-8.7,-85.5,85.5,-64.2,3.8,0
SYNNNN,-1.9,-56.0,3.1,5.1,71.9,37.6,-53.5,-58.8,106.2,-61.1,2.7,0
SYSGSN,20.3,-43.0,-1.1,-1.0,65.5,19.7,-15.8,-26.7,45.4,-26.5,2.7,0
SYSTMS,3.6,-53.9,-2.0,-4.4,74.6,30.8,-16.2,-50.0,65.1,-44.0,0.7,1
SYVIIE,-25.2,-51.9,-1.7,-4.7,66.7,37.3,-4.5,-93.8,80.4,-64.1,4.5,1
TAAHCF,11.6,-47.3,2.4,0.2,80.5,23.0,-7.7,-70.2,82.3,-56.7,1.1,0
TAELIT,-1.0,-53.1,3.8,6.3,78.9,24.5,-4.3,-84.9,83.4,-59.0,1.2,0
TAMIIQ,-26.5,-51.5,3.4,6.0,76.3,41.3,-8.7,-105.2,78.9,-69.6,2.2,1
TAMLGT,-3.0,-43.3,-1.8,-4.2,83.7,28.3,-9.3,-80.8,77.0,-57.4,2.8,1
TASNSS,21.5,-46.2,-1.8,-4.0,75.1,25.2,-33.8,-33.7,74.4,-37.2,3.0,1
TATVYV,-2.0,-50.6,3.4,7.4,73.7,21.7,-2.9,-78.1,77.5,-55.8,0.1,1
TAVHCF,-6.2,-49.6,3.1,2.2,80.3,29.5,-8.7,-86.2,80.4,-64.2,1.6,0
TAVTHR,5.9,-49.1,2.3,1.7,71.4,23.6,-6.7,-74.4,84.8,-58.0,7.1,1
TAVTTG,1.1,-56.2,2.0,4.0,70.1,15.0,-10.1,-58.3,72.6,-44.8,5.4,0
TAVVTN,1.1,-59.2,2.0,4.6,70.1,22.3,-19.0,-65.6,88.4,-50.9,6.1,1
TAWYAE,-5.6,-40.1,-1.5,-3.0,74.7,21.5,-7.5,-71.2,70.1,-54.9,3.2,0
TCMLGT,-2.4,-51.9,2.4,4.6,86.0,34.3,-5.1,-88.0,72.5,-61.6,3.1,1
TCVTHR,2.4,-49.4,2.4,1.6,68.0,26.3,-10.8,-76.3,86.7,-60.2,9.1,1
TDETVI,22.5,-49.5,5.3,6.8,67.8,24.8,-13.7,-59.5,86.6,-47.5,0.1,0
TEEKKE,13.8,-45.8,-0.7,-15.9,74.7,43.1,-25.4,-57.3,84.3,-45.9,0.7,0
TEFTPT,14.2,-43.9,4.2,4.6,74.0,26.9,-13.0,-69.3,70.1,-51.6,11.5,0
TFQINS,-11.7,-51.5,3.2,5.1,72.5,36.8,-18.1,-76.7,69.1,-56.0,3.2,1
TFSINP,-2.4,-42.5,3.4,7.4,64.6,31.5,-14.2,-90.7,82.2,-65.5,21.3,0
TFWEIS,-2.9,-41.4,-1.3,-4.5,75.1,31.3,-2.7,-95.4,85.0,-69.8,16.1,0
TGELAT,21.5,-43.1,0.4,-0.6,79.7,23.8,-10.7,-63.8,81.9,-48.4,1.2,1
TGVTII,-15.3,-49.9,2.6,7.4,71.0,22.4,0.0,-88.0,73.7,-57.2,0.4,0
TGVVVV,-4.9,-46.6,2.1,4.2,64.6,15.0,-1.2,-71.9,74.7,-50.1,0.3,0
TIITLE,9.0,-51.6,3.7,-11.6,68.2,44.4,-3.3,-98.8,189.6,-71.6,11.3,1
TIITVT,-20.7,-52.3,2.5,6.9,62.0,25.5,-2.1,-89.8,86.0,-61.6,0.5,1
TITQHG,2.8,-48.8,-2.0,-4.4,64.4,31.3,-13.0,-61.2,80.2,-50.8,2.0,0
TKEPTR,39.2,-38.8,-2.8,-9.7,84.9,36.2,-24.4,-55.3,78.1,-45.5,12.3,0
TKKVDT,6.0,-44.7,-5.7,-9.4,68.4,35.5,-15.1,-65.7,92.6,-51.9,0.3,0
TKPAES,41.4,-44.1,-4.4,-8.0,87.1,25.2,-13.8,-56.5,71.9,-44.6,27.3,0
TKVEEP,7.7,-39.3,-2.0,-1.1,63.8,30.4,-12.9,-57.5,68.5,-44.0,1.3,0
TLDQWN,2.4,-53.5,3.5,7.4,77.1,44.3,-23.0,-83.9,93.0,-64.3,0.6,0
TLKLVS,-29.8,-46.7,-2.3,-4.3,69.7,39.8,-13.1,-90.1,72.7,-60.1,0.5,0
TLKNYI,-21.8,-54.6,4.4,10.6,74.3,47.4,-24.2,-111.8,102.3,-78.3,5.2,0
TNELYM,-27.5,-52.4,5.3,7.4,74.9,48.0,-20.3,-108.5,91.7,-75.5,1.5,0
TNNNTN,12.4,-56.1,2.6,4.8,75.6,37.1,-57.6,-60.5,116.0,-62.1,5.4,0
TQHGGG,27.7,-49.1,-2.0,-4.2,78.6,14.5,-8.4,-30.3,53.8,-29.3,2.1,0
TQIVYK,-29.1,-51.8,3.3,5.3,69.0,37.0,-12.1,-96.7,82.2,-67.0,1.1,1
TQRGFG,8.7,-46.5,-2.6,-4.5,80.1,22.2,-12.6,-44.1,51.4,-36.2,0.4,0
TQVGFG,-5.4,-49.0,3.3,5.3,73.2,23.1,-5.7,-70.6,58.2,-48.9,2.5,0
TREPTK,34.8,-39.2,-4.4,-11.4,84.4,42.7,-32.4,-54.5,79.3,-45.3,12.9,0
TRNNTV,16.7,-52.9,1.4,5.2,74.4,27.3,-22.4,-61.0,96.3,-54.3,0.4,0
TTGVTI,0.6,-49.8,3.4,7.9,71.0,21.8,-4.6,-73.9,72.1,-50.3,0.8,0
TTGVVV,7.0,-49.8,3.4,8.0,71.3,16.3,-2.4,-66.3,70.0,-46.3,0.2,0
TTVIIE,-24.9,-54.0,6.6,10.9,63.8,28.2,-0.5,-98.8,79.4,-64.6,0.6,1
TTVVST,2.3,-43.4,-0.9,-1.2,64.2,19.5,-8.4,-56.5,65.6,-44.2,5.5,0
TTVVTT,0.3,-43.8,-0.9,-1.4,63.8,20.6,-8.3,-60.5,70.7,-46.6,2.9,0
TVFHIG,-21.7,-49.6,-2.1,-4.2,68.0,29.5,-4.9,-82.6,78.0,-61.2,2.0,0
TVFPIG,6.8,-24.5,-1.5,-2.1,72.8,22.4,-1.0,-77.0,59.0,-52.4,8.6,0
TVIVIR,-36.6,-55.3,2.2,3.2,65.2,33.1,-1.7,-104.5,86.0,-69.3,1.1,0
TVKQFG,-10.9,-54.0,3.7,7.5,70.3,34.1,-5.9,-80.7,72.5,-59.3,0.8,0
TVVSTT,6.9,-56.7,2.0,4.5,65.2,20.8,-15.7,-61.8,90.8,-50.1,6.5,0
TYQIIR,-26.2,-51.8,4.2,9.0,68.5,51.0,-17.8,-114.5,101.7,-81.5,2.4,0
TYVEYI,-12.6,-52.2,7.0,8.0,73.9,41.2,-15.7,-98.6,92.7,-71.0,1.0,1
VAFNIT,-16.0,-54.5,4.0,7.1,75.2,28.3,-15.1,-85.1,83.6,-61.4,0.2,1
VAIVYK,-26.7,-50.8,3.7,5.6,73.4,29.1,-0.5,-96.1,71.7,-63.6,0.5,1
VAMHVF,-25.5,-49.8,3.1,2.6,83.7,35.7,-4.7,-117.8,87.8,-80.8,7.7,0
VANFIT,-4.3,-54.6,2.5,7.0,76.4,28.0,-17.0,-81.6,90.4,-61.9,5.1,1
VANNST,20.0,-53.0,4.0,5.4,79.4,23.0,-25.1,-46.9,74.5,-42.0,0.1,0
VATTRT,16.7,-41.0,0.9,-0.3,65.3,27.1,-22.7,-38.1,55.9,-33.3,0.4,0
VATVYV,-3.1,-51.8,1.8,4.5,74.4,21.1,-2.5,-87.0,88.3,-61.9,8.4,1
VAVHVF,-18.1,-49.7,3.1,2.4,78.8,27.3,-6.5,-102.0,81.9,-70.0,4.4,1
VAWLKM,-37.4,-50.5,1.9,4.5,79.2,35.8,0.0,-112.4,74.7,-73.5,1.9,0
VCIVYK,-30.9,-52.5,3.4,5.3,70.3,34.7,-1.7,-102.1,78.7,-68.3,0.7,1
VDIVYK,-29.2,-52.2,3.3,2.7,67.8,33.6,-1.8,-100.2,83.6,-67.6,0.7,1
VDQTAS,16.4,-53.9,3.5,4.0,74.5,29.0,-20.4,-61.0,91.4,-53.3,1.1,0
VDTKPA,25.7,-39.5,3.3,1.8,71.1,19.1,-2.7,-59.2,65.3,-44.0,9.8,0
VEALYL,-34.2,-50.1,3.0,3.9,76.2,26.1,-6.6,-101.2,80.2,-68.3,1.7,1
VEDLKI,2.9,-49.8,4.6,4.2,73.7,28.7,-0.7,-83.9,82.7,-57.5,0.1,0
VEEPVK,39.1,-41.0,4.1,4.3,87.5,22.5,-1.6,-70.1,74.1,-50.5,9.3,0
VEIVYK,-29.6,-51.7,3.8,4.6,70.6,33.7,-0.9,-103.5,81.2,-69.0,0.6,1
VFFINQ,-40.8,-53.8,3.2,5.5,71.6,45.1,-18.5,-106.6,83.3,-73.5,2.3,0
VFFNNT,-17.9,-55.2,4.0,6.3,73.2,36.0,-25.3,-84.3,88.8,-65.5,2.4,1
VFIVYK,-48.2,-52.0,3.6,5.8,70.0,37.8,-0.8,-119.8,78.0,-77.6,1.9,1
VGFGNN,7.0,-37.7,-1.1,-1.2,73.9,16.4,-1.2,-53.2,48.9,-39.2,0.7,0
VGIVYK,-20.7,-50.5,3.3,5.1,76.1,31.1,-0.8,-96.5,73.2,-63.3,0.9,1
VGQGSD,31.6,-39.6,-1.8,-3.6,68.9,20.8,-10.9,-27.7,52.0,-27.8,0.1,0
VHIVYK,-38.1,-58.1,3.8,5.7,70.7,38.3,-6.8,-108.3,85.7,-73.9,2.6,1
VHNNSN,14.4,-62.6,2.3,4.4,77.0,34.4,-46.5,-53.2,110.6,-55.8,0.3,0
VIFTIM,-37.9,-52.8,3.2,5.3,65.5,37.2,-1.7,-108.0,84.7,-73.2,1.0,1
VIGIAQ,-5.8,-49.1,3.4,6.0,76.5,28.4,-4.6,-83.3,71.7,-55.4,0.1,1
VIIVYK,-40.5,-51.4,3.7,5.6,65.3,34.3,0.0,-107.3,77.6,-70.2,0.9,1
VILLIS,-50.1,-51.0,2.5,4.5,65.6,37.5,-5.7,-115.9,79.2,-72.1,3.5,1
VISLSG,-9.0,-57.5,3.2,4.5,71.8,24.0,-8.5,-67.7,65.0,-48.4,0.3,0
VIVATT,-1.6,-40.9,-0.9,-1.6,66.1,19.2,-3.3,-66.3,67.7,-47.6,1.9,1
VIVIRT,-28.5,-54.5,2.1,1.4,66.0,35.8,-4.4,-106.4,96.9,-71.8,4.0,0
VIWIAQ,-23.3,-54.6,3.1,6.6,76.1,38.8,-7.1,-108.2,87.3,-72.7,5.1,0
VKIVYK,-32.6,-52.6,4.7,7.1,68.6,35.6,-1.6,-104.8,76.7,-69.0,1.0,1
VKKEEK,12.1,-42.1,-5.5,-16.1,75.9,41.6,-5.6,-73.8,90.4,-54.4,0.4,0
VKQFGG,0.8,-55.2,3.6,6.7,81.5,33.0,-13.7,-73.5,74.5,-57.1,0.9,0
VKWDRD,9.7,-34.0,-5.3,-18.9,69.7,39.5,-15.5,-77.6,105.2,-63.5,8.1,0
VLIVYK,-45.2,-53.0,3.7,5.4,70.0,37.4,-1.7,-112.9,76.5,-72.4,0.6,1
VLVEAQ,-1.0,-53.8,5.2,7.9,72.8,27.0,-6.9,-84.4,76.0,-57.2,8.9,1
VMIVYK,-47.1,-52.8,3.3,5.2,71.4,40.3,-1.8,-118.8,81.2,-76.8,1.0,1
VNIVYK,-33.3,-53.6,3.4,5.4,69.1,37.6,-9.8,-102.7,84.4,-70.0,0.8,1
VNNNNI,-1.2,-51.6,4.0,5.6,73.5,33.5,-45.5,-67.0,96.8,-57.6,6.2,0
VNNNNN,2.9,-54.9,3.1,4.8,73.6,37.4,-63.9,-61.6,112.0,-62.1,13.4,0
VNQLYQ,-14.1,-54.7,3.5,5.5,72.0,48.2,-27.9,-91.4,99.2,-71.6,1.3,1
VNVTQV,5.7,-47.8,-2.0,-4.9,67.8,28.1,-13.6,-53.8,74.0,-43.4,0.2,1
VNWCER,8.2,-52.0,7.4,6.5,76.1,38.5,-24.4,-79.3,96.9,-66.6,2.4,0
VNWYER,-6.4,-53.6,6.0,8.6,78.0,41.7,-20.2,-96.8,97.6,-73.5,2.8,0
VPGIAQ,31.1,-42.2,3.5,5.6,94.3,19.3,-4.2,-64.5,61.6,-44.1,0.8,0
VPIVYK,-9.9,-34.8,-2.1,-5.0,72.7,31.2,-1.3,-95.0,76.6,-64.8,12.4,0
VPQYGG,29.6,-40.1,3.5,5.8,92.2,19.7,-2.2,-59.3,51.9,-42.4,0.4,0
VQAVYK,-30.0,-49.7,2.1,4.3,72.2,27.1,-11.6,-89.2,77.4,-63.4,0.7,0
VQCVYK,-15.8,-52.1,2.2,4.4,72.9,34.6,-9.5,-92.1,80.7,-67.9,12.1,1
VQDVYK,-2.8,-50.0,3.5,2.5,70.4,38.5,-16.0,-79.3,84.6,-58.5,0.2,0
VQEVYK,-11.8,-51.6,2.7,1.6,74.3,41.7,-17.8,-85.9,83.3,-62.0,0.4,0
VQFLQS,-18.5,-52.5,4.0,6.6,73.2,35.6,-9.5,-90.8,76.7,-63.9,0.4,1
VQFVYK,-33.1,-50.9,3.7,6.4,71.8,36.1,-4.4,-105.0,79.6,-72.0,0.3,1
VQGVYK,-10.1,-50.1,2.2,4.6,75.2,27.0,-10.2,-76.9,70.4,-55.6,2.3,0
VQHVYK,-9.2,-58.5,2.6,4.3,77.9,39.7,-11.1,-107.1,110.6,-79.1,9.0,0
VQIAYK,-18.3,-50.7,3.6,5.4,76.7,30.3,-3.2,-91.1,71.7,-61.5,0.3,0
VQICYK,-19.7,-52.7,3.6,5.3,74.9,36.6,-5.0,-93.4,73.8,-64.4,0.5,1
VQIDYK,-15.3,-50.6,4.5,3.3,71.5,43.2,-17.8,-95.1,91.1,-66.8,0.7,1
VQIEYK,-15.3,-50.4,4.5,3.4,73.5,41.3,-9.2,-97.2,84.0,-66.4,0.6,0
VQIFYK,-39.6,-51.2,3.5,6.2,72.8,41.7,-6.1,-112.0,78.9,-74.6,0.8,1
VQIGYK,-8.6,-49.6,3.5,5.3,79.2,27.9,-2.2,-84.5,65.9,-56.7,0.6,0
VQIHYK,-25.7,-55.7,3.4,5.6,73.1,45.7,-19.4,-102.3,93.4,-72.9,1.5,0
VQIINK,-1.8,-48.1,2.7,5.4,70.0,45.4,-20.9,-90.5,95.7,-66.3,4.1,1
VQIINK,-1.8,-48.1,2.7,5.4,70.0,45.4,-20.9,-90.5,95.7,-66.3,4.1,1
VQIINK,-1.8,-48.1,2.7,5.4,70.0,45.4,-20.9,-90.5,95.7,-66.3,4.1,1
VQIINK,-1.8,-48.1,2.7,5.4,70.0,45.4,-20.9,-90.5,95.7,-66.3,4.1,1
VQIIYK,-41.1,-52.6,3.6,5.4,70.2,47.2,-9.2,-112.5,78.5,-73.3,0.7,1
VQIKYK,-19.4,-52.0,4.2,6.5,73.3,38.3,-3.7,-99.8,78.9,-67.3,0.4,1
VQILYK,-36.4,-52.6,3.6,5.4,72.6,44.6,-6.5,-112.7,78.8,-73.3,0.8,1
VQIMYK,-36.6,-52.0,3.7,5.6,75.0,46.2,-5.7,-114.0,78.9,-75.8,0.6,1
VQINYK,-20.4,-51.5,3.2,5.1,73.3,41.4,-18.5,-94.4,86.7,-67.5,0.9,1
VQIPYK,0.4,-41.8,3.6,5.4,85.9,37.5,-6.0,-102.8,73.1,-67.4,11.6,0
VQIQYK,-20.4,-54.0,3.1,5.1,74.3,44.9,-12.8,-98.5,83.8,-68.1,0.7,1
VQIRYK,-16.8,-55.0,4.9,7.7,74.1,37.9,-6.1,-96.2,79.3,-66.3,0.6,1
VQISYK,-17.1,-49.9,3.3,5.2,72.7,38.2,-14.9,-88.8,78.0,-62.4,0.6,1
VQITYK,-25.3,-51.6,3.3,5.2,68.8,39.9,-12.2,-96.8,83.6,-67.0,0.7,1
VQIVAK,-14.3,-50.0,3.8,5.2,72.9,34.6,-9.3,-86.1,71.9,-58.0,0.0,1
VQIVCK,-18.5,-50.6,3.7,5.1,68.4,31.4,-3.7,-86.1,71.3,-58.5,0.1,1
VQIVDK,-12.7,-46.6,-3.4,-3.3,63.7,33.8,-8.4,-78.8,88.7,-59.1,0.3,1
VQIVEK,-15.8,-51.3,4.8,7.0,68.2,32.1,-3.9,-89.3,74.3,-59.5,0.8,1
VQIVFK,-38.0,-52.9,3.3,5.2,69.7,37.5,-5.0,-106.0,76.8,-69.1,1.2,1
VQIVGK,-11.1,-49.9,3.9,5.4,73.8,34.3,-8.9,-82.3,67.3,-55.2,0.2,1
VQIVHK,-21.5,-52.4,3.4,4.9,69.6,35.3,-5.4,-95.7,81.5,-65.0,0.8,1
VQIVIK,-37.3,-56.1,2.1,6.2,68.1,37.8,-3.1,-111.1,84.4,-71.6,1.8,1
VQIVKK,-23.1,-51.3,3.8,4.6,67.6,37.2,-6.2,-94.1,77.2,-63.3,0.1,1
VQIVLK,-32.7,-51.5,3.3,4.8,67.1,33.9,-2.9,-99.4,75.0,-64.2,0.7,1
VQIVMK,-35.6,-53.2,3.4,4.9,70.0,37.4,-3.2,-104.8,76.6,-68.3,0.8,1
VQIVNK,-24.4,-51.9,3.3,4.8,66.8,35.4,-13.1,-87.8,76.5,-59.8,0.7,1
VQIVPK,-7.6,-40.9,3.6,5.1,71.2,37.3,-9.4,-95.1,70.8,-62.2,10.5,1
VQIVQK,-19.2,-50.2,3.4,4.9,67.9,33.4,-4.4,-89.7,74.5,-60.1,0.7,1
VQIVRK,-18.1,-53.0,4.8,5.8,70.3,33.1,-4.4,-90.7,74.7,-60.9,0.9,1
VQIVSK,-15.7,-49.6,-2.1,-4.4,67.7,37.5,-14.3,-76.1,81.9,-58.3,0.2,1
VQIVTK,-18.6,-59.4,1.4,3.8,66.8,30.4,-9.8,-95.7,100.8,-67.8,8.6,1
VQIVVK,-32.1,-56.5,2.1,6.0,66.9,33.2,-4.3,-100.6,83.0,-66.6,2.0,1
VQIVWK,-29.3,-52.2,3.2,5.0,71.0,37.5,-4.4,-105.3,83.4,-69.9,1.4,1
VQIVYA,-25.7,-51.1,4.0,5.7,68.8,33.2,-5.3,-92.4,71.9,-62.5,0.4,1
VQIVYC,-29.5,-50.9,3.8,5.7,69.3,32.7,-2.3,-96.3,76.5,-65.7,0.5,1
VQIVYD,-17.0,-34.1,-1.7,-5.0,60.9,34.6,-9.1,-86.7,78.2,-61.6,5.4,1
VQIVYE,-19.5,-45.1,-1.6,-4.8,66.3,39.7,-8.7,-93.7,88.6,-68.3,6.0,1
VQIVYF,-44.0,-51.0,4.0,3.0,69.5,41.5,-6.7,-110.2,78.5,-73.1,0.4,1
VQIVYG,-24.9,-50.8,3.8,5.7,67.9,28.4,-1.8,-87.2,67.7,-59.2,0.2,1
VQIVYH,-32.7,-56.5,2.7,3.6,70.2,43.4,-13.6,-102.7,87.2,-71.0,1.5,1
VQIVYI,-33.4,-51.4,4.0,5.8,69.2,38.2,-5.5,-107.3,81.4,-70.6,0.6,1
VQIVYK,-32.5,-52.6,3.3,5.3,69.5,37.4,-3.7,-105.0,81.2,-69.8,0.9,1
VQIVYL,-37.9,-51.1,4.0,5.8,69.4,40.1,-6.9,-109.7,80.5,-71.9,1.3,1
VQIVYM,-41.9,-51.1,4.0,5.8,69.3,41.0,-5.9,-111.9,78.5,-73.5,0.6,1
VQIVYN,-25.0,-54.2,4.0,5.8,68.4,39.6,-11.5,-94.2,80.7,-65.6,0.8,1
VQIVYP,-28.1,-39.9,-2.1,-5.0,63.4,38.4,-8.0,-99.1,86.1,-70.3,5.7,1
VQIVYQ,-29.2,-54.7,3.8,5.8,69.8,37.9,-7.1,-100.2,82.1,-68.2,0.6,1
VQIVYR,-30.4,-52.9,3.1,1.9,69.6,37.1,-3.7,-101.8,83.5,-69.6,0.7,1
VQIVYS,-24.9,-56.0,4.0,5.8,69.8,38.1,-12.4,-90.1,77.2,-63.1,0.4,1
VQIVYT,-29.1,-55.8,4.0,5.8,69.5,40.1,-13.2,-96.2,80.6,-66.2,0.6,1
VQIVYV,-23.9,-51.0,4.0,5.9,68.8,33.9,-5.3,-96.1,79.1,-65.2,0.6,1
VQIVYW,-34.0,-51.0,4.0,5.7,69.3,43.1,-8.1,-107.1,81.0,-72.5,0.6,1
VQIVYY,-41.4,-51.0,4.0,3.0,69.5,39.5,-4.3,-109.1,78.9,-72.8,0.6,1
VQIWYK,-37.7,-51.3,3.2,5.2,74.6,42.3,-4.4,-117.5,87.1,-79.6,2.3,1
VQIYYK,-36.6,-52.0,3.1,5.9,73.4,44.3,-10.8,-112.8,88.4,-77.3,0.7,1
VQKVYK,-12.6,-45.1,-1.4,-2.9,69.2,45.7,-16.3,-90.9,92.1,-67.9,2.5,0
VQLVYK,-33.0,-52.0,3.1,6.0,74.2,35.8,-1.8,-112.3,85.1,-73.5,0.7,1
VQMVYK,-29.5,-51.7,3.4,5.3,73.6,39.4,-2.6,-105.5,78.9,-71.7,0.9,1
VQNVYK,-11.2,-52.8,3.7,5.6,72.7,35.4,-14.2,-83.0,82.6,-62.0,0.4,1
VQPVYK,-12.7,-44.5,2.1,4.4,84.2,31.9,-11.0,-102.4,81.0,-71.9,13.0,0
VQQVYK,-11.9,-51.9,3.7,5.5,72.7,47.5,-20.5,-88.2,82.4,-64.7,0.2,1
VQRVYK,-3.4,-53.7,6.2,10.4,72.0,50.8,-23.6,-94.3,99.5,-73.8,1.7,0
VQSVYK,-20.7,-49.9,2.2,4.4,68.9,31.7,-17.0,-83.1,85.0,-64.4,1.5,0
VQTEEK,18.9,-44.2,-1.3,-4.2,71.8,33.6,-15.5,-57.8,80.5,-46.0,0.6,0
VQTVYK,-17.7,-52.1,2.3,4.5,67.6,30.4,-14.9,-94.0,89.5,-69.6,12.1,1
VQVVYK,-21.8,-52.3,3.7,5.5,68.6,37.7,-8.9,-90.6,75.7,-62.9,0.5,1
VQWVYK,-23.8,-52.1,3.7,5.9,74.4,41.9,-9.1,-107.0,92.5,-75.9,0.4,0
VQYVYK,-19.2,-51.7,3.6,6.1,72.1,37.7,-7.2,-99.9,84.9,-70.8,4.8,0
VRIVYK,-27.8,-53.5,5.9,9.1,69.7,36.6,-2.4,-107.6,84.4,-72.3,0.8,1
VSFEIV,-11.7,-39.3,-1.4,-1.7,68.2,27.5,-6.7,-77.3,67.5,-55.0,2.3,1
VSFLSA,-10.1,-57.6,3.2,4.8,73.0,26.4,-10.8,-71.3,70.6,-52.7,0.4,1
VSIEDS,17.2,-38.5,-0.4,3.4,65.3,21.6,-5.2,-51.2,60.7,-39.4,0.2,0
VSIVYK,-25.7,-51.0,3.4,5.4,68.5,31.8,-0.9,-97.2,78.8,-65.8,0.6,1
VSNLSN,4.0,-63.3,3.2,5.1,74.4,31.1,-28.0,-54.8,80.4,-46.2,0.3,0
VSSSGI,24.1,-43.6,-1.9,-5.7,69.3,23.7,-12.5,-45.3,77.7,-41.2,2.9,0
VSTTVV,12.6,-49.1,2.5,5.3,63.5,16.5,-3.3,-62.1,82.0,-47.6,0.7,1
VTFTIQ,-22.9,-51.7,4.0,6.8,63.5,29.7,-5.9,-90.3,83.0,-63.9,0.2,1
VTIITV,-21.3,-58.7,3.2,5.2,64.5,30.6,-8.9,-91.8,92.1,-63.7,2.7,0
VTIVYK,-31.6,-51.7,3.3,5.3,65.9,32.7,-0.8,-101.8,82.0,-68.3,0.6,1
VTLHAT,-7.5,-56.0,2.5,4.6,75.6,24.5,-4.3,-86.6,90.4,-62.6,1.0,1
VTLSQP,-7.4,-41.5,3.4,6.8,64.3,27.0,-3.0,-84.5,78.7,-59.1,0.5,0
VTLWWG,-36.1,-51.0,4.0,5.6,74.8,33.2,-2.5,-107.6,76.1,-72.7,3.0,1
VTQEFW,-1.7,-51.0,6.4,9.2,73.6,41.5,-14.0,-90.0,88.6,-66.9,0.4,0
VTQVGF,-8.0,-50.8,3.2,2.2,72.3,23.5,-3.1,-83.1,76.6,-59.8,6.3,1
VTQVGF,-8.0,-50.8,3.2,2.2,72.3,23.5,-3.1,-83.1,76.6,-59.8,6.3,1
VTQVGF,-8.0,-50.8,3.2,2.2,72.3,23.5,-3.1,-83.1,76.6,-59.8,6.3,1
VTQVGF,-8.0,-50.8,3.2,2.2,72.3,23.5,-3.1,-83.1,76.6,-59.8,6.3,1
VTSTFS,-8.1,-49.6,2.5,4.6,65.2,23.3,-11.2,-68.7,75.5,-54.9,4.5,1
VTTGVT,16.9,-41.2,-0.9,-1.5,66.8,15.9,-8.2,-43.8,59.1,-35.4,2.1,0
VTTGVV,17.9,-40.8,-0.9,-1.5,67.2,15.7,-7.7,-46.0,60.8,-36.5,2.4,0
VTTVVS,-2.8,-52.5,1.8,4.0,62.4,20.1,-8.4,-70.0,91.4,-55.9,2.8,0
VTVIIE,-25.6,-54.3,6.5,10.9,64.1,28.8,-0.9,-100.9,82.7,-65.9,0.4,1
VTVQAT,2.6,-49.2,3.1,4.8,68.9,20.0,-4.4,-72.6,73.6,-51.9,4.8,1
VVFFIC,-33.9,-51.1,4.0,7.1,68.3,31.0,0.0,-106.4,80.9,-72.5,1.8,1
VVIVYK,-34.6,-51.7,3.3,5.4,65.5,33.5,-0.9,-104.2,82.0,-69.2,1.0,1
VVPQYG,-3.6,-41.0,2.5,4.7,84.0,23.1,-7.9,-87.5,66.5,-60.7,12.5,0
VVSTTV,10.1,-47.9,2.3,6.7,62.9,17.2,-5.5,-61.4,76.9,-46.9,0.7,1
VVTSEE,19.0,-43.4,-0.9,-1.5,66.2,23.7,-11.8,-46.1,69.8,-39.5,0.3,0
VVVTSE,5.1,-41.5,-0.4,-1.4,63.2,19.0,-2.6,-60.6,69.6,-46.7,3.9,0
VVVVTS,-11.9,-55.9,2.9,6.0,60.6,21.5,-9.9,-62.6,68.4,-47.1,1.6,0
VWIVYK,-38.2,-52.9,3.7,5.5,71.3,38.3,-1.8,-114.4,80.8,-75.6,3.0,1
VYIMIG,-48.1,-51.3,2.5,4.7,73.1,38.3,0.0,-119.7,73.6,-75.7,4.4,1
VYIVYK,-44.4,-52.0,3.7,5.9,68.6,37.5,-0.9,-116.7,79.2,-76.7,3.1,1
VYSCEW,5.2,-48.3,3.3,5.4,76.3,35.7,-5.2,-85.8,97.0,-68.6,1.9,0
VYSRHP,-4.3,-43.0,-1.5,-4.9,71.5,38.5,-22.5,-75.3,94.8,-64.5,0.7,0
VYSWEW,6.1,-49.8,2.5,-1.0,75.3,36.3,-5.6,-100.5,116.5,-78.2,9.3,0
WATVYV,-7.2,-51.8,1.8,4.7,74.1,25.6,-4.1,-92.5,90.7,-65.8,8.6,1
WGMMGM,-13.1,-50.9,3.4,7.4,94.1,41.4,0.0,-110.3,73.3,-75.0,2.6,0
WGSASN,19.2,-40.9,-1.1,-1.5,67.3,17.7,-7.9,-38.5,56.8,-36.6,3.2,0
WIVIFF,-62.3,-49.5,3.5,4.9,67.9,43.9,0.0,-141.0,87.5,-90.4,3.8,1
WNFGTQ,5.3,-47.3,-2.0,-4.9,79.0,31.0,-10.4,-71.7,84.1,-58.2,4.7,0
WNFSTQ,-1.1,-48.1,-2.0,-4.9,69.3,35.6,-13.5,-74.7,92.9,-63.0,3.7,0
WPNGIT,32.0,-33.0,-2.1,-5.0,81.4,23.6,-2.1,-68.0,73.8,-52.3,15.3,0
WPNVIT,7.6,-34.6,-2.1,-5.1,73.4,30.8,-6.0,-86.0,88.2,-64.3,12.1,1
WQIVYK,-23.3,-52.8,3.9,6.3,70.9,46.2,-6.2,-112.0,92.8,-78.3,4.1,1
WSFYLL,-24.3,-50.9,4.2,9.8,73.8,38.7,-6.6,-116.4,94.8,-81.7,4.8,0
WTFNLY,-31.3,-45.7,-2.0,-10.7,72.7,37.8,-18.1,-100.7,97.0,-76.4,10.7,1
WTVIIE,-25.0,-50.9,7.6,11.4,62.2,32.8,-1.7,-104.2,82.2,-70.0,1.7,1
WTVNYS,-12.2,-50.0,3.5,5.5,67.7,34.2,-19.4,-78.1,82.9,-60.7,1.4,1
WVENYP,-11.8,-39.7,-0.6,-6.2,70.7,42.4,-31.6,-92.0,105.2,-73.0,10.7,0
WVFWIG,-33.4,-52.4,3.2,5.1,68.8,32.6,0.0,-103.9,76.8,-72.7,7.4,1
WYFYIQ,-34.7,-51.7,3.3,8.6,72.1,48.2,-10.6,-133.9,95.4,-93.5,15.6,0
YAELIV,-8.6,-50.3,4.0,11.3,75.6,30.9,-8.6,-92.8,82.7,-62.8,0.2,1
YASEIE,10.9,-42.9,0.2,-2.1,77.4,29.8,-24.2,-61.1,81.3,-50.4,1.6,0
YASNNN,16.4,-55.7,3.4,9.2,78.6,30.9,-43.2,-51.7,93.7,-52.4,3.3,0
YATVYV,-1.2,-53.0,1.8,8.1,75.2,26.7,-5.0,-99.3,98.2,-72.1,16.0,1
YGGGGN,38.7,-43.9,-2.0,-1.9,85.8,9.5,-3.1,-26.6,43.6,-23.8,0.8,0
YGGGNS,33.0,-37.0,-1.1,1.3,75.1,11.5,-8.1,-27.6,42.5,-25.2,1.3,0
YGQQNQ,10.2,-45.5,-2.1,-2.4,77.8,42.7,-31.0,-57.4,76.5,-49.8,0.5,0
YGQQQS,16.6,-48.1,-2.0,-2.4,84.2,42.5,-30.1,-55.8,77.0,-50.0,1.1,0
YGQQSY,10.7,-48.9,-1.9,-6.6,80.0,46.8,-35.5,-61.9,94.0,-57.2,1.2,0
YGQSSY,13.9,-49.7,-1.9,-6.4,80.5,38.5,-35.1,-49.3,84.0,-48.1,1.0,0
YHLAMA,-12.2,-49.0,-1.9,-3.8,77.9,31.5,-3.5,-86.2,81.2,-62.4,1.2,1
YIFNNC,-11.0,-52.7,2.9,11.9,71.7,37.9,-13.9,-93.0,94.4,-71.6,4.3,1
YIFNNM,-30.8,-52.5,3.2,8.0,73.5,46.4,-18.6,-105.1,90.3,-77.6,0.6,0
YKNFNY,-14.8,-52.6,4.1,10.3,72.4,41.1,-27.6,-101.1,108.2,-81.5,10.7,0
YLEIII,-40.7,-51.9,3.9,9.7,71.1,50.3,-13.5,-133.3,92.1,-83.5,12.2,0
YLFLQY,-42.6,-50.3,3.5,5.7,73.5,47.2,-4.7,-128.5,88.0,-85.6,6.9,1
YLGNNS,8.0,-50.5,3.1,10.1,80.8,29.8,-24.1,-65.6,75.2,-51.8,0.2,0
YLLWYC,-23.8,-51.8,3.5,10.3,77.7,45.3,-0.3,-134.2,97.7,-91.7,16.1,1
YLLYYT,-29.9,-54.6,2.9,12.9,75.9,41.8,-3.8,-125.0,95.2,-85.4,5.1,1
YLNWYQ,-16.7,-46.4,-2.1,-1.0,74.4,50.0,-18.0,-111.5,118.5,-84.7,2.1,1
YLVNFT,-20.4,-54.6,2.9,10.3,73.0,35.4,-10.3,-102.7,87.5,-72.9,5.2,1
YNAQAQ,12.7,-63.6,3.0,6.5,85.2,34.9,-30.5,-58.7,83.3,-48.6,0.0,0
YNNNLQ,1.0,-46.3,-2.1,-2.5,76.6,41.8,-31.9,-74.9,100.7,-65.3,2.5,0
YNNTGS,17.5,-52.6,1.8,7.8,80.9,29.4,-39.8,-59.8,101.7,-58.4,1.7,0
YNNYNN,-0.2,-57.2,2.6,11.5,77.6,40.7,-57.7,-71.2,119.0,-68.9,1.8,1
YNPDAG,38.7,-31.1,-0.6,0.3,87.8,19.2,-23.0,-49.5,69.8,-41.5,7.0,0
YNPQGG,38.8,-32.6,-2.1,-1.1,86.4,27.3,-17.8,-49.6,61.6,-41.6,7.2,0
YQAGFQ,12.7,-57.2,3.5,9.4,88.5,34.7,-17.2,-76.1,85.4,-61.2,2.7,0
YQAYNA,-4.6,-59.5,3.0,5.5,80.7,30.9,-27.8,-74.1,97.0,-63.1,1.9,0
YQGYQA,12.9,-35.6,-1.1,1.7,72.3,30.6,-15.9,-59.1,61.9,-47.5,3.8,0
YQGYSG,11.2,-53.7,3.5,9.4,79.8,32.4,-15.4,-70.1,80.8,-59.3,0.8,0
YQIVYK,-21.1,-50.8,2.6,8.5,67.9,44.3,-7.3,-109.5,96.8,-79.1,1.4,1
YQLENY,-8.2,-50.7,5.5,11.7,75.1,54.8,-37.8,-107.8,110.4,-81.6,9.2,0
YQLIWQ,-23.9,-45.4,-2.0,-2.8,76.1,48.3,-9.0,-107.8,90.4,-75.4,2.3,1
YQNYQG,0.8,-44.3,-2.0,-2.2,75.4,40.5,-29.2,-67.0,80.1,-57.2,4.7,0
YQQGGY,16.9,-48.7,-1.9,-6.5,87.7,33.9,-23.1,-54.8,75.4,-46.4,1.0,0
YQQQFN,-1.5,-43.8,-2.0,-3.1,76.7,51.4,-29.9,-81.4,95.7,-67.5,1.3,0
YQQQYN,-0.3,-59.9,3.5,10.8,76.9,61.0,-38.7,-92.5,112.9,-78.5,3.7,0
YQQQYN,-0.3,-59.9,3.5,10.8,76.9,61.0,-38.7,-92.5,112.9,-78.5,3.7,0
YQQYNP,-7.8,-42.9,-2.1,-2.3,70.7,50.0,-28.4,-91.6,105.3,-75.6,6.3,0
YQQYSQ,1.1,-38.5,-1.1,1.6,66.0,50.4,-34.7,-70.5,83.3,-61.0,3.9,0
YQYGGG,17.7,-41.8,-2.0,-2.4,84.0,21.6,-12.6,-45.1,52.7,-37.5,0.4,0
YSGSNS,28.1,-40.2,-1.1,1.4,70.1,20.4,-19.8,-29.0,54.4,-29.8,1.6,0
YSGYQQ,15.9,-44.8,-2.0,-1.8,80.7,37.4,-22.0,-60.7,76.7,-51.4,2.9,0
YSQNGN,12.2,-45.5,-2.0,-2.4,80.2,31.9,-29.6,-49.9,74.1,-45.6,0.6,0
YSQNGN,12.2,-45.5,-2.0,-2.4,80.2,31.9,-29.6,-49.9,74.1,-45.6,0.6,0
YTFTIS,-13.4,-52.7,1.8,8.0,66.1,36.3,-16.0,-98.0,105.3,-76.0,7.2,0
YTNISN,-8.7,-63.3,3.2,7.9,69.7,36.0,-25.9,-74.0,89.8,-58.9,2.3,0
YTVIIE,-23.6,-52.4,3.7,-5.4,66.6,44.1,-1.9,-112.7,190.2,-81.0,11.6,1
YVEYIG,-22.0,-45.1,-0.7,-5.9,68.1,40.1,-12.9,-97.3,87.8,-70.2,8.9,1
YVSGFH,12.4,-49.1,2.0,9.4,74.5,25.3,-3.9,-72.3,80.9,-56.8,0.2,0
YYNYNN,-2.1,-52.5,3.5,10.2,76.4,42.9,-35.9,-91.3,107.6,-77.2,9.4,0
YYQNYQ,-3.7,-50.8,3.5,9.6,74.8,54.1,-39.4,-92.8,103.7,-77.1,9.1,1
YYQNYQ,-3.7,-50.8,3.5,9.6,74.8,54.1,-39.4,-92.8,103.7,-77.1,9.1,0
YYTEFT,-7.8,-39.6,-0.8,-1.7,65.4,38.7,-19.6,-81.6,84.7,-63.3,6.4,0
